Region,Zone_name,District_ID,District_name,VDC_name,VDC_code,P_CODE,HH_total,Ind_total,Male_total,Female_total
Central,Narayani,31,Makwanpur,Agara,310001,C-NAR-31-001,1572,7836,3850,3986
Central,Narayani,31,Makwanpur,Ambhanjyang,310002,C-NAR-31-002,1403,6906,3330,3576
Central,Narayani,31,Makwanpur,Bajrabarahi,310003,C-NAR-31-003,1630,7675,3622,4053
Central,Narayani,31,Makwanpur,BhartaPundyadevi,310007,C-NAR-31-007,693,4169,2143,2026
Central,Narayani,31,Makwanpur,Bhimfedi,310008,C-NAR-31-008,1161,5440,2503,2937
Central,Narayani,31,Makwanpur,Sukaura,310042,C-NAR-31-042,654,3525,1721,1804
Central,Narayani,31,Makwanpur,TistungDeurali,310044,C-NAR-31-044,1405,7041,3409,3632
Central,Narayani,31,Makwanpur,Basamadi,310004,C-NAR-31-004,3557,17130,8358,8772
Central,Narayani,31,Makwanpur,Betini,310005,C-NAR-31-005,617,3351,1667,1684
Central,Narayani,31,Makwanpur,Bhaise,310006,C-NAR-31-006,1388,6717,3228,3489
Central,Narayani,31,Makwanpur,Faparbari,310016,C-NAR-31-016,3221,16776,7991,8785
Central,Narayani,31,Makwanpur,Raigaun,310036,C-NAR-31-036,1893,10368,4977,5391
Central,Narayani,31,Makwanpur,ShreepurChhatiwan,310040,C-NAR-31-040,4172,20747,9952,10795
Central,Narayani,31,Makwanpur,Thingan,310043,C-NAR-31-043,713,4270,2037,2233
Central,Narayani,31,Makwanpur,Kalikatar,310023,C-NAR-31-023,796,4723,2384,2339
Central,Bagmati,28,Nuwakot,Sundaradevi,280053,C-BAG-28-053,511,2411,1207,1204
Central,Bagmati,28,Nuwakot,Jiling,280025,C-BAG-28-025,1271,6286,2992,3294
Central,Bagmati,28,Nuwakot,Sunkhani,280054,C-BAG-28-054,533,2449,1197,1252
Central,Bagmati,28,Nuwakot,Samundratar,280050,C-BAG-28-050,450,1997,926,1071
Central,Bagmati,28,Nuwakot,Suryamati,280055,C-BAG-28-055,692,3654,1717,1937
Central,Bagmati,28,Nuwakot,Talakhu,280056,C-BAG-28-056,688,2976,1402,1574
Central,Bagmati,28,Nuwakot,Taruka,280057,C-BAG-28-057,1127,5233,2335,2898
Central,Bagmati,28,Nuwakot,Thanapati,280058,C-BAG-28-058,626,2831,1363,1468
Central,Bagmati,28,Nuwakot,Sikre,280052,C-BAG-28-052,370,1582,705,877
Central,Bagmati,28,Nuwakot,Belkot,280004,C-BAG-28-004,1549,7660,3723,3937
Central,Bagmati,28,Nuwakot,Thansing,280059,C-BAG-28-059,1388,6126,2899,3227
Central,Bagmati,28,Nuwakot,BidurN.P.,280008,C-BAG-28-008,6270,26750,12712,14038
Central,Bagmati,28,Nuwakot,Thaprek,280060,C-BAG-28-060,760,3942,1902,2040
Central,Bagmati,28,Nuwakot,Tupche,280061,C-BAG-28-061,1279,5286,2401,2885
Central,Bagmati,28,Nuwakot,Urleni,280062,C-BAG-28-062,768,4014,2036,1978
Central,Bagmati,28,Nuwakot,Samundradevi,280049,C-BAG-28-049,700,3053,1440,1613
Central,Bagmati,28,Nuwakot,Shikharbesi,280051,C-BAG-28-051,746,3534,1815,1719
Central,Bagmati,28,Nuwakot,Bhadratar,280006,C-BAG-28-006,705,3238,1569,1669
Central,Bagmati,28,Nuwakot,Bhalche,280007,C-BAG-28-007,754,3488,1625,1863
Central,Bagmati,28,Nuwakot,Bungtang,280010,C-BAG-28-010,599,2117,921,1196
Central,Bagmati,28,Nuwakot,Charghare,280011,C-BAG-28-011,1190,5419,2478,2941
Central,Bagmati,28,Nuwakot,Chaturale,280012,C-BAG-28-012,708,3238,1559,1679
Central,Bagmati,28,Nuwakot,Kabilas,280026,C-BAG-28-026,863,4063,2002,2061
Central,Bagmati,28,Nuwakot,Kakani,280027,C-BAG-28-027,1390,7320,3621,3699
Central,Bagmati,28,Nuwakot,Kalyanpur,280029,C-BAG-28-029,1243,5722,2607,3115
Central,Bagmati,28,Nuwakot,Kaule,280030,C-BAG-28-030,739,2993,1346,1647
Central,Bagmati,28,Nuwakot,Budhasing,280009,C-BAG-28-009,677,2945,1344,1601
Central,Bagmati,28,Nuwakot,KhadagBhanjyang,280031,C-BAG-28-031,1412,6166,2738,3428
Eastern,Sagarmatha,12,Okhaldhunga,Baksa,120002,E-SAG-12-002,546,2177,954,1223
Central,Bagmati,28,Nuwakot,Chaughada,280013,C-BAG-28-013,1164,5480,2519,2961
Central,Bagmati,28,Nuwakot,Chauthe,280014,C-BAG-28-014,697,3535,1780,1755
Eastern,Sagarmatha,12,Okhaldhunga,Andheri (Narayansthan),120001,E-SAG-12-001,607,2390,1053,1337
Central,Bagmati,28,Nuwakot,Kharanitar,280032,C-BAG-28-032,375,1609,779,830
Eastern,Sagarmatha,12,Okhaldhunga,Pokhare,120037,E-SAG-12-037,331,1439,662,777
Central,Bagmati,28,Nuwakot,Kintang,280034,C-BAG-28-034,459,1976,917,1059
Central,Bagmati,28,Nuwakot,Lachyang,280036,C-BAG-28-036,876,4480,2238,2242
Central,Bagmati,28,Nuwakot,Mahakali,280039,C-BAG-28-039,788,3524,1629,1895
Eastern,Sagarmatha,12,Okhaldhunga,Salleri,120045,E-SAG-12-045,419,1664,721,943
Central,Bagmati,28,Nuwakot,Manakamana,280040,C-BAG-28-040,789,3321,1537,1784
Eastern,Sagarmatha,12,Okhaldhunga,Thulachhap,120054,E-SAG-12-054,743,3070,1374,1696
Central,Bagmati,28,Nuwakot,Narjamandap,280041,C-BAG-28-041,1012,5335,2656,2679
Central,Bagmati,28,Nuwakot,Fikuri,280019,C-BAG-28-019,636,2873,1371,1502
Eastern,Sagarmatha,12,Okhaldhunga,Barnalu,120004,E-SAG-12-004,694,2846,1283,1563
Central,Bagmati,28,Nuwakot,Ralukadevi,280044,C-BAG-28-044,916,4563,2299,2264
Central,Bagmati,28,Nuwakot,Ratmate,280045,C-BAG-28-045,822,3793,1769,2024
Central,Bagmati,28,Nuwakot,Deurali,280017,C-BAG-28-017,1005,3656,1632,2024
Central,Bagmati,28,Nuwakot,Ganeshthan,280020,C-BAG-28-020,807,3728,1818,1910
Central,Bagmati,28,Nuwakot,Madanpur,280038,C-BAG-28-038,1738,8862,4294,4568
Central,Bagmati,28,Nuwakot,Salme,280047,C-BAG-28-047,422,2186,1063,1123
Central,Bagmati,28,Nuwakot,Okharpauwa,280042,C-BAG-28-042,1510,7901,3970,3931
Central,Bagmati,28,Nuwakot,Rautbesi,280046,C-BAG-28-046,654,3437,1731,1706
Central,Bagmati,28,Nuwakot,Samari,280048,C-BAG-28-048,1207,5304,2408,2896
Central,Bagmati,28,Nuwakot,Gaunkharka,280021,C-BAG-28-021,628,3180,1573,1607
Central,Bagmati,28,Nuwakot,Gerkhu,280022,C-BAG-28-022,1421,6382,2888,3494
Central,Bagmati,28,Nuwakot,Ghyangphedi,280023,C-BAG-28-023,604,3100,1692,1408
Central,Bagmati,28,Nuwakot,Kalikahalde,280028,C-BAG-28-028,753,3606,1756,1850
Central,Bagmati,28,Nuwakot,Gorsyang,280024,C-BAG-28-024,772,3431,1520,1911
Central,Bagmati,28,Nuwakot,Kumari,280035,C-BAG-28-035,1618,8672,4263,4409
Central,Bagmati,28,Nuwakot,Likhu,280037,C-BAG-28-037,557,2462,1110,1352
Eastern,Sagarmatha,12,Okhaldhunga,Betini,120006,E-SAG-12-006,459,2106,931,1175
Central,Bagmati,28,Nuwakot,BagesworiChokade,280001,C-BAG-28-001,1073,4986,2382,2604
Central,Bagmati,28,Nuwakot,Balkumari,280002,C-BAG-28-002,496,2486,1230,1256
Central,Bagmati,28,Nuwakot,Dangsing,280016,C-BAG-28-016,625,2736,1239,1497
Central,Bagmati,28,Nuwakot,KholegaunKhanigau,280033,C-BAG-28-033,1210,5330,2406,2924
Central,Bagmati,28,Nuwakot,Panchkanya,280043,C-BAG-28-043,544,2675,1321,1354
Eastern,Sagarmatha,12,Okhaldhunga,Palte,120035,E-SAG-12-035,719,3514,1718,1796
Eastern,Sagarmatha,12,Okhaldhunga,Fediguth,120013,E-SAG-12-013,769,3637,1702,1935
Eastern,Sagarmatha,12,Okhaldhunga,Prapcha,120038,E-SAG-12-038,271,1226,560,666
Eastern,Sagarmatha,12,Okhaldhunga,Gamnangtar,120015,E-SAG-12-015,599,2943,1392,1551
Eastern,Sagarmatha,12,Okhaldhunga,Harkapur,120016,E-SAG-12-016,614,2578,1178,1400
Eastern,Sagarmatha,12,Okhaldhunga,Jantarkhani,120017,E-SAG-12-017,388,1762,755,1007
Eastern,Sagarmatha,12,Okhaldhunga,Jyamire,120018,E-SAG-12-018,545,2126,915,1211
Eastern,Sagarmatha,12,Okhaldhunga,SisneriMahadevsthan,120049,E-SAG-12-049,859,4166,1910,2256
Eastern,Sagarmatha,12,Okhaldhunga,Rawadolu,120043,E-SAG-12-043,337,1553,740,813
Eastern,Sagarmatha,12,Okhaldhunga,Madhavpur,120027,E-SAG-12-027,500,2467,1108,1359
Eastern,Sagarmatha,12,Okhaldhunga,Mamkha,120028,E-SAG-12-028,727,3157,1435,1722
Eastern,Sagarmatha,12,Okhaldhunga,Rumjatar,120044,E-SAG-12-044,751,2707,1216,1491
Eastern,Sagarmatha,12,Okhaldhunga,Manebhanjyang,120029,E-SAG-12-029,623,3079,1464,1615
Eastern,Sagarmatha,12,Okhaldhunga,Ragani,120040,E-SAG-12-040,748,3701,1789,1912
Eastern,Sagarmatha,12,Okhaldhunga,Yasam,120056,E-SAG-12-056,585,2703,1234,1469
Eastern,Sagarmatha,12,Okhaldhunga,Moli,120030,E-SAG-12-030,409,1901,833,1068
Eastern,Sagarmatha,12,Okhaldhunga,Mulkharka,120031,E-SAG-12-031,748,3405,1485,1920
Eastern,Sagarmatha,12,Okhaldhunga,Narmedeshwor,120032,E-SAG-12-032,322,1519,652,867
Eastern,Sagarmatha,12,Okhaldhunga,Okhaldhunga,120033,E-SAG-12-033,1358,4963,2407,2556
Eastern,Sagarmatha,12,Okhaldhunga,Shreechaur,120047,E-SAG-12-047,581,2856,1326,1530
Eastern,Sagarmatha,12,Okhaldhunga,Singhadevi,120048,E-SAG-12-048,455,2099,970,1129
Eastern,Sagarmatha,12,Okhaldhunga,Balakhu,120003,E-SAG-12-003,835,3987,1894,2093
Eastern,Sagarmatha,12,Okhaldhunga,Taluwa,120050,E-SAG-12-050,447,1996,870,1126
Eastern,Sagarmatha,12,Okhaldhunga,Tarkerabari,120051,E-SAG-12-051,411,2044,945,1099
Eastern,Sagarmatha,12,Okhaldhunga,Thakle,120052,E-SAG-12-052,552,2828,1301,1527
Eastern,Sagarmatha,12,Okhaldhunga,Bhussinga,120008,E-SAG-12-008,322,1582,790,792
Eastern,Sagarmatha,12,Okhaldhunga,Bigutar,120009,E-SAG-12-009,533,2157,999,1158
Eastern,Sagarmatha,12,Okhaldhunga,Bilandu,120010,E-SAG-12-010,484,2311,1080,1231
Eastern,Sagarmatha,12,Okhaldhunga,Chyanam,120011,E-SAG-12-011,619,2763,1250,1513
Eastern,Sagarmatha,12,Okhaldhunga,Diyale,120012,E-SAG-12-012,514,2236,1027,1209
Eastern,Sagarmatha,12,Okhaldhunga,Palapu,120034,E-SAG-12-034,946,5231,2377,2854
Eastern,Sagarmatha,12,Okhaldhunga,Kalikadevi,120019,E-SAG-12-019,417,2036,919,1117
Eastern,Sagarmatha,12,Okhaldhunga,Katunje,120021,E-SAG-12-021,926,4229,2002,2227
Eastern,Sagarmatha,12,Okhaldhunga,Ketuke,120022,E-SAG-12-022,675,2884,1313,1571
Eastern,Sagarmatha,12,Okhaldhunga,Thoksel,120053,E-SAG-12-053,588,2688,1279,1409
Eastern,Sagarmatha,12,Okhaldhunga,Ubu,120055,E-SAG-12-055,725,3050,1346,1704
Eastern,Sagarmatha,12,Okhaldhunga,KhijiChandeshwori.,120023,E-SAG-12-023,275,1293,618,675
Eastern,Sagarmatha,12,Okhaldhunga,Khijifalate,120024,E-SAG-12-024,706,3493,1665,1828
Eastern,Sagarmatha,12,Okhaldhunga,Kaptigaun(Khigikati),120020,E-SAG-12-020,352,1628,740,888
Eastern,Sagarmatha,12,Okhaldhunga,Kuntadevi,120026,E-SAG-12-026,583,2417,1100,1317
Eastern,Sagarmatha,12,Okhaldhunga,Fulbari,120014,E-SAG-12-014,776,3544,1619,1925
Eastern,Sagarmatha,12,Okhaldhunga,Pokali,120036,E-SAG-12-036,643,3028,1477,1551
Eastern,Sagarmatha,12,Okhaldhunga,Ragadeep,120039,E-SAG-12-039,455,2039,955,1084
Eastern,Sagarmatha,12,Okhaldhunga,Ratmata,120042,E-SAG-12-042,447,2197,1041,1156
Eastern,Sagarmatha,12,Okhaldhunga,Baruneshwor,120005,E-SAG-12-005,809,3388,1576,1812
Central,Janakpur,21,Ramechhap,Chisapani,210010,C-JAN-21-010,686,3187,1412,1775
Central,Janakpur,21,Ramechhap,Chuchure,210011,C-JAN-21-011,585,2629,1214,1415
Central,Janakpur,21,Ramechhap,Gothgau,210020,C-JAN-21-020,566,2401,1051,1350
Central,Janakpur,21,Ramechhap,Bhujee,210007,C-JAN-21-007,538,2402,1134,1268
Central,Janakpur,21,Ramechhap,Betali,210002,C-JAN-21-002,952,4483,2047,2436
Central,Janakpur,21,Ramechhap,Bethan,210003,C-JAN-21-003,1090,4634,2089,2545
Central,Janakpur,21,Ramechhap,Maluwajor,210034,C-JAN-21-034,715,3496,1603,1893
Central,Janakpur,21,Ramechhap,Bhatauli,210005,C-JAN-21-005,820,3936,1832,2104
Central,Janakpur,21,Ramechhap,Bhirpani,210006,C-JAN-21-006,764,3253,1392,1861
Central,Janakpur,21,Ramechhap,Chanakhu,210009,C-JAN-21-009,476,2366,1036,1330
Central,Janakpur,21,Ramechhap,BamtiBhandar,210001,C-JAN-21-001,739,3144,1453,1691
Central,Janakpur,21,Ramechhap,Bhadaure,210004,C-JAN-21-004,574,2475,1129,1346
Central,Janakpur,21,Ramechhap,Dadhuwa,210012,C-JAN-21-012,1016,4730,2162,2568
Central,Janakpur,21,Ramechhap,Gumdel,210021,C-JAN-21-021,497,2466,1190,1276
Central,Janakpur,21,Ramechhap,Doramba,210015,C-JAN-21-015,794,3273,1481,1792
Central,Janakpur,21,Ramechhap,Duragau,210016,C-JAN-21-016,652,3023,1458,1565
Central,Janakpur,21,Ramechhap,Gelu,210018,C-JAN-21-018,1267,5652,2428,3224
Central,Janakpur,21,Ramechhap,Goswara,210019,C-JAN-21-019,770,3632,1614,2018
Central,Janakpur,21,Ramechhap,Deurali,210013,C-JAN-21-013,702,3257,1451,1806
Central,Janakpur,21,Ramechhap,Dimipokhari,210014,C-JAN-21-014,726,3073,1393,1680
Central,Bagmati,29,Rasuwa,Ramche,290012,C-BAG-29-012,489,2268,1092,1176
Central,Janakpur,21,Ramechhap,Kubukasthali,210030,C-JAN-21-030,606,2727,1264,1463
Central,Bagmati,29,Rasuwa,Thulogoun,290015,C-BAG-29-015,317,1356,636,720
Central,Janakpur,21,Ramechhap,Lakhanpur,210031,C-JAN-21-031,1323,6209,2842,3367
Central,Janakpur,21,Ramechhap,Majuwa,210032,C-JAN-21-032,453,2293,1054,1239
Central,Janakpur,21,Ramechhap,Makadum,210033,C-JAN-21-033,422,1911,825,1086
Central,Janakpur,21,Ramechhap,Manthali,210035,C-JAN-21-035,2018,7569,3842,3727
Central,Janakpur,21,Ramechhap,NagaDaha,210036,C-JAN-21-036,777,3679,1654,2025
Central,Janakpur,21,Ramechhap,Namadi,210037,C-JAN-21-037,827,3981,1861,2120
Central,Janakpur,21,Ramechhap,Pakarbas,210039,C-JAN-21-039,1177,6392,3095,3297
Central,Janakpur,21,Ramechhap,Phulasi,210040,C-JAN-21-040,1284,5733,2594,3139
Central,Janakpur,21,Ramechhap,Pritee,210042,C-JAN-21-042,1128,5093,2363,2730
Central,Janakpur,21,Ramechhap,Puranagau,210043,C-JAN-21-043,635,3008,1296,1712
Central,Janakpur,21,Ramechhap,Rakathum,210044,C-JAN-21-044,716,3434,1550,1884
Central,Janakpur,21,Ramechhap,Ramechhap,210045,C-JAN-21-045,1153,5222,2452,2770
Central,Janakpur,21,Ramechhap,Rampur,210046,C-JAN-21-046,858,4101,1848,2253
Central,Janakpur,21,Ramechhap,Rasanalu,210047,C-JAN-21-047,1026,4424,2034,2390
Central,Janakpur,21,Ramechhap,Saipu,210048,C-JAN-21-048,616,2876,1355,1521
Central,Janakpur,21,Ramechhap,Salupati,210049,C-JAN-21-049,764,3612,1611,2001
Central,Janakpur,21,Ramechhap,GunsiBhadaure,210022,C-JAN-21-022,1056,4702,2165,2537
Central,Janakpur,21,Ramechhap,Guptesor,210023,C-JAN-21-023,361,1769,839,930
Central,Janakpur,21,Ramechhap,Hiledevi,210024,C-JAN-21-024,707,3031,1401,1630
Central,Janakpur,21,Ramechhap,Sanghutar,210050,C-JAN-21-050,500,2342,1021,1321
Central,Janakpur,21,Ramechhap,Sukajor,210051,C-JAN-21-051,756,3538,1610,1928
Central,Janakpur,21,Ramechhap,Sunarpani,210052,C-JAN-21-052,500,2141,970,1171
Central,Janakpur,21,Ramechhap,Himganga,210025,C-JAN-21-025,849,4248,1852,2396
Central,Janakpur,21,Ramechhap,Kathjor,210026,C-JAN-21-026,934,4716,2126,2590
Central,Janakpur,21,Ramechhap,Farpu,210017,C-JAN-21-017,450,2098,1039,1059
Central,Janakpur,21,Ramechhap,Those,210053,C-JAN-21-053,606,2443,1089,1354
Central,Janakpur,21,Ramechhap,Tilpung,210054,C-JAN-21-054,828,4195,1907,2288
Central,Janakpur,21,Ramechhap,Khadadevi,210027,C-JAN-21-027,838,3925,1814,2111
Central,Janakpur,21,Ramechhap,Khaniyapani,210028,C-JAN-21-028,794,4065,1896,2169
Central,Janakpur,21,Ramechhap,Khimti,210029,C-JAN-21-029,968,4278,1951,2327
Central,Janakpur,21,Ramechhap,Tokarpur,210055,C-JAN-21-055,767,3517,1607,1910
Central,Janakpur,21,Ramechhap,Bijulikot,210008,C-JAN-21-008,1087,5058,2290,2768
Central,Janakpur,21,Ramechhap,Okhreni,210038,C-JAN-21-038,742,3503,1594,1909
Central,Bagmati,29,Rasuwa,Bridhim,290002,C-BAG-29-002,161,422,212,210
Central,Bagmati,29,Rasuwa,Chilime,290003,C-BAG-29-003,340,1378,685,693
Central,Bagmati,29,Rasuwa,Dandagoun,290004,C-BAG-29-004,479,2186,1033,1153
Central,Bagmati,29,Rasuwa,Dhaibung,290009,C-BAG-29-009,1109,4928,2368,2560
Central,Bagmati,29,Rasuwa,Laharepouwa,290010,C-BAG-29-010,1053,4522,2068,2454
Central,Bagmati,29,Rasuwa,Dhunche,290005,C-BAG-29-005,714,2744,1475,1269
Central,Bagmati,29,Rasuwa,Haku,290008,C-BAG-29-008,443,2169,1049,1120
Central,Bagmati,29,Rasuwa,Saramthali,290013,C-BAG-29-013,821,3992,1855,2137
Central,Bagmati,29,Rasuwa,Syafru,290014,C-BAG-29-014,621,2271,1172,1099
Central,Bagmati,29,Rasuwa,Thuman,290016,C-BAG-29-016,239,868,433,435
Central,Bagmati,29,Rasuwa,Timure,290017,C-BAG-29-017,130,423,213,210
Central,Bagmati,29,Rasuwa,Yarsa,290018,C-BAG-29-018,820,3844,1973,1871
Central,Bagmati,29,Rasuwa,Bhorle,290001,C-BAG-29-001,1184,5570,2683,2887
Central,Bagmati,29,Rasuwa,Langtang,290011,C-BAG-29-011,152,415,192,223
Central,Janakpur,20,Sindhuli,Bhimsthan,200010,C-JAN-20-010,1160,5780,2710,3070
Central,Janakpur,20,Sindhuli,Dadiguranshe,200013,C-JAN-20-013,973,4804,2262,2542
Central,Janakpur,20,Sindhuli,HariharpurGadhi,200016,C-JAN-20-016,708,4744,2253,2491
Central,Janakpur,20,Sindhuli,Hatpate,200018,C-JAN-20-018,1623,8106,3831,4275
Central,Janakpur,20,Sindhuli,Jarayotar,200020,C-JAN-20-020,1425,7310,3414,3896
Central,Janakpur,20,Sindhuli,Jinakhu,200022,C-JAN-20-022,949,5270,2621,2649
Central,Janakpur,20,Sindhuli,KakurThakur,200023,C-JAN-20-023,995,5487,2666,2821
Central,Janakpur,20,Sindhuli,Kalpabrishykha,200024,C-JAN-20-024,1594,9370,4483,4887
Central,Janakpur,20,Sindhuli,KamalamiN.P.,200025,C-JAN-20-025,9304,39413,18788,20625
Central,Janakpur,20,Sindhuli,Kyaneshwor,200030,C-JAN-20-030,1617,9364,4482,4882
Central,Janakpur,20,Sindhuli,Lampantar,200032,C-JAN-20-032,1151,5942,2807,3135
Central,Janakpur,20,Sindhuli,Mahadevdada,200033,C-JAN-20-033,657,3879,1880,1999
Central,Janakpur,20,Sindhuli,Mahadevsthan,200034,C-JAN-20-034,1309,6967,3210,3757
Central,Janakpur,20,Sindhuli,Mahendrajhayadi,200035,C-JAN-20-035,962,6015,2872,3143
Central,Janakpur,20,Sindhuli,Pipalmadi,200039,C-JAN-20-039,1299,7604,3668,3936
Central,Janakpur,20,Sindhuli,Ranichuri,200042,C-JAN-20-042,1685,8881,4189,4692
Central,Janakpur,20,Sindhuli,Bahuntilpung,200003,C-JAN-20-003,559,3116,1533,1583
Central,Janakpur,20,Sindhuli,Balajor,200004,C-JAN-20-004,734,4358,2062,2296
Central,Janakpur,20,Sindhuli,Baseshwor,200005,C-JAN-20-005,620,3200,1557,1643
Central,Janakpur,20,Sindhuli,Bastipur,200006,C-JAN-20-006,545,3029,1366,1663
Central,Bagmati,23,Sindhupalchok,Haibung,230028,C-BAG-23-028,576,2484,1174,1310
Central,Janakpur,20,Sindhuli,Majhuwa,200036,C-JAN-20-036,526,2398,1090,1308
Central,Janakpur,20,Sindhuli,BitijorBagaiya,200012,C-JAN-20-012,349,1942,965,977
Central,Janakpur,20,Sindhuli,KhangSang,200027,C-JAN-20-027,510,2831,1362,1469
Central,Janakpur,20,Sindhuli,KusesworDumja,200029,C-JAN-20-029,1010,4973,2366,2607
Central,Janakpur,20,Sindhuli,Netrakali,200037,C-JAN-20-037,606,3400,1612,1788
Central,Janakpur,20,Sindhuli,Nipane,200038,C-JAN-20-038,702,3418,1602,1816
Central,Janakpur,20,Sindhuli,Ratnawati,200044,C-JAN-20-044,493,2745,1276,1469
Central,Janakpur,20,Sindhuli,Santeswori(Rampur),200045,C-JAN-20-045,446,2725,1344,1381
Central,Janakpur,20,Sindhuli,Sitalpati,200047,C-JAN-20-047,812,4058,1865,2193
Central,Janakpur,20,Sindhuli,SunamPokhari,200049,C-JAN-20-049,452,2489,1194,1295
Central,Janakpur,20,Sindhuli,Solpathana,200048,C-JAN-20-048,395,2195,1079,1116
Central,Janakpur,20,Sindhuli,Tandi,200051,C-JAN-20-051,1896,9150,4353,4797
Central,Janakpur,20,Sindhuli,Tosramkhola,200053,C-JAN-20-053,330,1979,944,1035
Central,Janakpur,20,Sindhuli,Sirthouli,200046,C-JAN-20-046,1673,7618,3568,4050
Central,Janakpur,20,Sindhuli,Tamajor,200050,C-JAN-20-050,445,2346,1102,1244
Central,Janakpur,20,Sindhuli,Tinkanya,200052,C-JAN-20-052,805,4169,1988,2181
Central,Janakpur,20,Sindhuli,TribhuvanAmbote,200054,C-JAN-20-054,771,4074,2008,2066
Central,Janakpur,20,Sindhuli,Dudbhanjyang,200014,C-JAN-20-014,529,2860,1405,1455
Central,Janakpur,20,Sindhuli,Harsahi,200017,C-JAN-20-017,973,4693,2170,2523
Central,Janakpur,20,Sindhuli,JhangajholiRalmata,200021,C-JAN-20-021,1194,5337,2506,2831
Central,Janakpur,20,Sindhuli,Amale,200001,C-JAN-20-001,415,2261,1047,1214
Central,Janakpur,20,Sindhuli,Arunthakur,200002,C-JAN-20-002,1010,5766,2742,3024
Central,Janakpur,20,Sindhuli,Belghari,200007,C-JAN-20-007,749,3846,1898,1948
Central,Janakpur,20,Sindhuli,Bhadrakali,200008,C-JAN-20-008,848,4415,2074,2341
Central,Janakpur,20,Sindhuli,PuranoJhangajholi,200040,C-JAN-20-040,1015,4707,2161,2546
Central,Janakpur,20,Sindhuli,Ranibas,200041,C-JAN-20-041,1110,5067,2327,2740
Central,Janakpur,20,Sindhuli,Bhimeshwor,200009,C-JAN-20-009,459,2298,1149,1149
Central,Janakpur,20,Sindhuli,BhuwaneshoriGwaltar,200011,C-JAN-20-011,371,2039,999,1040
Central,Janakpur,20,Sindhuli,Ladabhir(Mahendra),200031,C-JAN-20-031,1585,7226,3407,3819
Central,Janakpur,20,Sindhuli,Dudhouli,200015,C-JAN-20-015,1758,8568,4044,4524
Central,Janakpur,20,Sindhuli,Jalkanya,200019,C-JAN-20-019,395,1806,822,984
Central,Janakpur,20,Sindhuli,Ratanchura,200043,C-JAN-20-043,548,2821,1337,1484
Central,Janakpur,20,Sindhuli,Kholagaun,200028,C-JAN-20-028,528,2829,1352,1477
Central,Janakpur,20,Sindhuli,Kapilakot,200026,C-JAN-20-026,1967,11485,5589,5896
Central,Bagmati,23,Sindhupalchok,Tekanpur,230070,C-BAG-23-070,422,1609,769,840
Central,Bagmati,23,Sindhupalchok,ThuloPakhar,230076,C-BAG-23-076,758,2909,1342,1567
Central,Bagmati,23,Sindhupalchok,Yamunadanda,230079,C-BAG-23-079,393,1507,720,787
Central,Bagmati,23,Sindhupalchok,SyauleBazar,230066,C-BAG-23-066,833,3630,1715,1915
Central,Bagmati,23,Sindhupalchok,Talramarang,230067,C-BAG-23-067,716,3141,1487,1654
Central,Bagmati,23,Sindhupalchok,ThumPakhar,230078,C-BAG-23-078,997,3643,1600,2043
Central,Bagmati,23,Sindhupalchok,Tatopani,230068,C-BAG-23-068,1733,6774,3512,3262
Central,Bagmati,23,Sindhupalchok,Baramchi,230005,C-BAG-23-005,705,3248,1610,1638
Central,Bagmati,23,Sindhupalchok,Tauthali,230069,C-BAG-23-069,776,2762,1255,1507
Central,Bagmati,23,Sindhupalchok,Thakani,230071,C-BAG-23-071,718,3439,1563,1876
Central,Bagmati,23,Sindhupalchok,Thanpalkot,230073,C-BAG-23-073,653,2635,1274,1361
Central,Bagmati,23,Sindhupalchok,ThampalChhap,230072,C-BAG-23-072,822,3510,1763,1747
Central,Bagmati,23,Sindhupalchok,Banskharka,230004,C-BAG-23-004,588,2259,1170,1089
Central,Bagmati,23,Sindhupalchok,Thokarpa,230074,C-BAG-23-074,1036,4373,1992,2381
Central,Bagmati,23,Sindhupalchok,Bahrabise,230006,C-BAG-23-006,1683,7117,3519,3598
Central,Bagmati,23,Sindhupalchok,Baruwa,230007,C-BAG-23-007,487,1831,932,899
Central,Bagmati,23,Sindhupalchok,ThuloDhading,230075,C-BAG-23-075,509,2115,1012,1103
Central,Bagmati,23,Sindhupalchok,Ghuskun,230023,C-BAG-23-023,759,2926,1336,1590
Central,Bagmati,23,Sindhupalchok,ThuloSirubari,230077,C-BAG-23-077,1331,5987,2632,3355
Central,Bagmati,23,Sindhupalchok,Batase,230008,C-BAG-23-008,1152,4882,2273,2609
Central,Bagmati,23,Sindhupalchok,Ghorthali,230022,C-BAG-23-022,465,1897,950,947
Central,Bagmati,23,Sindhupalchok,Gumba,230025,C-BAG-23-025,674,3431,1727,1704
Central,Bagmati,23,Sindhupalchok,Bhimtar,230009,C-BAG-23-009,892,4526,2084,2442
Central,Bagmati,23,Sindhupalchok,Motang,230049,C-BAG-23-049,624,2582,1431,1151
Central,Bagmati,23,Sindhupalchok,Helumbu,230029,C-BAG-23-029,656,2564,1258,1306
Central,Bagmati,23,Sindhupalchok,Jalbire,230032,C-BAG-23-032,611,2540,1228,1312
Central,Bagmati,23,Sindhupalchok,Jyamire,230034,C-BAG-23-034,1199,5553,2670,2883
Central,Bagmati,23,Sindhupalchok,Kadambas,230035,C-BAG-23-035,834,3372,1472,1900
Central,Bagmati,23,Sindhupalchok,Kalika,230036,C-BAG-23-036,545,2251,979,1272
Central,Bagmati,23,Sindhupalchok,Ramche,230057,C-BAG-23-057,999,4092,2028,2064
Central,Bagmati,23,Sindhupalchok,Kiwool,230038,C-BAG-23-038,764,2950,1444,1506
Central,Bagmati,23,Sindhupalchok,Gunsakot,230026,C-BAG-23-026,449,1902,1000,902
Central,Bagmati,23,Sindhupalchok,Hagam,230027,C-BAG-23-027,818,3847,1874,1973
Central,Bagmati,23,Sindhupalchok,Gloche,230024,C-BAG-23-024,731,3611,1817,1794
Central,Bagmati,23,Sindhupalchok,Listikot,230043,C-BAG-23-043,949,3305,1555,1750
Central,Bagmati,23,Sindhupalchok,Pangtang,230053,C-BAG-23-053,487,2481,1255,1226
Central,Bagmati,23,Sindhupalchok,BhoteNamlang,230012,C-BAG-23-012,1074,4752,2266,2486
Central,Bagmati,23,Sindhupalchok,Bhotechaur,230011,C-BAG-23-011,792,3551,1783,1768
Central,Bagmati,23,Sindhupalchok,Bhotasipa,230010,C-BAG-23-010,994,4618,2084,2534
Central,Bagmati,23,Sindhupalchok,Ichok,230030,C-BAG-23-030,1270,5387,2630,2757
Central,Bagmati,23,Sindhupalchok,Irkhu,230031,C-BAG-23-031,751,3443,1555,1888
Central,Bagmati,23,Sindhupalchok,Jethal,230033,C-BAG-23-033,620,2553,1223,1330
Central,Bagmati,23,Sindhupalchok,Choutara,230014,C-BAG-23-014,1618,5952,2907,3045
Central,Bagmati,23,Sindhupalchok,Choukati,230013,C-BAG-23-013,627,2497,1163,1334
Central,Bagmati,23,Sindhupalchok,Dhumthang,230015,C-BAG-23-015,851,3780,1798,1982
Central,Bagmati,23,Sindhupalchok,Dubachour,230016,C-BAG-23-016,1375,5713,2773,2940
Central,Bagmati,23,Sindhupalchok,Gati,230021,C-BAG-23-021,874,4026,2001,2025
Central,Bagmati,23,Sindhupalchok,Atarpur,230001,C-BAG-23-001,464,2182,1034,1148
Central,Bagmati,23,Sindhupalchok,Badegau,230002,C-BAG-23-002,1160,5353,2534,2819
Central,Bagmati,23,Sindhupalchok,Fulpingkatti,230019,C-BAG-23-019,783,3297,1704,1593
Central,Bagmati,23,Sindhupalchok,Pipaldanda,230055,C-BAG-23-055,787,3371,1498,1873
Central,Bagmati,23,Sindhupalchok,Kubhinde,230039,C-BAG-23-039,693,3009,1447,1562
Central,Bagmati,23,Sindhupalchok,Langarche,230041,C-BAG-23-041,592,2590,1252,1338
Central,Bagmati,23,Sindhupalchok,Kunchok,230040,C-BAG-23-040,927,3967,1829,2138
Central,Bagmati,23,Sindhupalchok,Maneswor,230045,C-BAG-23-045,789,3393,1577,1816
Central,Bagmati,23,Sindhupalchok,Lisankhu,230042,C-BAG-23-042,938,3774,1753,2021
Central,Bagmati,23,Sindhupalchok,Sanusiruwari,230059,C-BAG-23-059,779,3274,1462,1812
Central,Bagmati,23,Sindhupalchok,Sikharpur,230061,C-BAG-23-061,583,2564,1242,1322
Central,Bagmati,23,Sindhupalchok,Mankha,230046,C-BAG-23-046,1860,7752,3698,4054
Central,Bagmati,23,Sindhupalchok,SipaPokhare,230064,C-BAG-23-064,608,2777,1412,1365
Central,Bagmati,23,Sindhupalchok,Petaku,230054,C-BAG-23-054,391,1600,737,863
Central,Bagmati,23,Sindhupalchok,Sindhukot,230062,C-BAG-23-062,681,3125,1490,1635
Central,Bagmati,23,Sindhupalchok,Mahankal,230044,C-BAG-23-044,1024,4843,2280,2563
Central,Bagmati,23,Sindhupalchok,Marming,230047,C-BAG-23-047,718,3255,1660,1595
Central,Bagmati,23,Sindhupalchok,Melamchi,230048,C-BAG-23-048,1179,5230,2531,2699
Central,Bagmati,23,Sindhupalchok,SipalKavre,230063,C-BAG-23-063,833,3805,1787,2018
Central,Bagmati,23,Sindhupalchok,Sunkhani,230065,C-BAG-23-065,626,2520,1164,1356
Central,Bagmati,23,Sindhupalchok,Nawalpur,230050,C-BAG-23-050,797,3471,1646,1825
Central,Bagmati,23,Sindhupalchok,Palchok,230052,C-BAG-23-052,489,1927,952,975
Central,Bagmati,23,Sindhupalchok,Pagretar,230051,C-BAG-23-051,762,2952,1428,1524
Central,Bagmati,23,Sindhupalchok,Fatakshila,230017,C-BAG-23-017,894,4286,2138,2148
Central,Bagmati,23,Sindhupalchok,Bansbari,230003,C-BAG-23-003,1102,5056,2395,2661
Central,Bagmati,23,Sindhupalchok,Selang,230060,C-BAG-23-060,526,2613,1298,1315
Central,Bagmati,23,Sindhupalchok,Karthali,230037,C-BAG-23-037,836,3347,1608,1739
Eastern,Sagarmatha,11,Solukhumbu,Kaku,110016,E-SAG-11-016,829,3790,1834,1956
Eastern,Sagarmatha,11,Solukhumbu,Mukali,110023,E-SAG-11-023,535,2442,1143,1299
Eastern,Sagarmatha,11,Solukhumbu,NechaBedghari,110026,E-SAG-11-026,838,3731,1753,1978
Eastern,Sagarmatha,11,Solukhumbu,Nechabatase,110025,E-SAG-11-025,767,3409,1617,1792
Eastern,Sagarmatha,11,Solukhumbu,Nele,110027,E-SAG-11-027,484,2197,1054,1143
Eastern,Sagarmatha,11,Solukhumbu,Basa,110002,E-SAG-11-002,676,3256,1574,1682
Eastern,Sagarmatha,11,Solukhumbu,Chaurikharka,110007,E-SAG-11-007,968,3709,1872,1837
Eastern,Sagarmatha,11,Solukhumbu,Chheskam,110008,E-SAG-11-008,809,3767,1810,1957
Eastern,Sagarmatha,11,Solukhumbu,Khumjung,110018,E-SAG-11-018,551,1912,913,999
Eastern,Sagarmatha,11,Solukhumbu,Namche,110024,E-SAG-11-024,480,1540,807,733
Eastern,Sagarmatha,11,Solukhumbu,Panchan,110028,E-SAG-11-028,333,1508,718,790
Eastern,Sagarmatha,11,Solukhumbu,Salleri,110029,E-SAG-11-029,1682,6590,3183,3407
Eastern,Sagarmatha,11,Solukhumbu,Salyan,110030,E-SAG-11-030,1137,5065,2388,2677
Eastern,Sagarmatha,11,Solukhumbu,Mabe(Pawai),110022,E-SAG-11-022,550,2617,1294,1323
Eastern,Sagarmatha,11,Solukhumbu,Deusa,110009,E-SAG-11-009,875,4130,2002,2128
Eastern,Sagarmatha,11,Solukhumbu,Sotang,110031,E-SAG-11-031,1288,5834,2877,2957
Eastern,Sagarmatha,11,Solukhumbu,LodingTamakhani,110020,E-SAG-11-020,240,1035,467,568
Eastern,Sagarmatha,11,Solukhumbu,Bhakanje,110004,E-SAG-11-004,285,1294,632,662
Eastern,Sagarmatha,11,Solukhumbu,Garma,110010,E-SAG-11-010,472,2047,984,1063
Eastern,Sagarmatha,11,Solukhumbu,Bung,110005,E-SAG-11-005,982,4520,2247,2273
Eastern,Sagarmatha,11,Solukhumbu,Gorakhani,110012,E-SAG-11-012,328,1347,643,704
Eastern,Sagarmatha,11,Solukhumbu,Jubu,110015,E-SAG-11-015,826,3791,1819,1972
Eastern,Sagarmatha,11,Solukhumbu,Goli,110011,E-SAG-11-011,453,2228,1052,1176
Eastern,Sagarmatha,11,Solukhumbu,Beni,110003,E-SAG-11-003,395,1575,754,821
Eastern,Sagarmatha,11,Solukhumbu,Gudel,110013,E-SAG-11-013,869,4244,2091,2153
Eastern,Sagarmatha,11,Solukhumbu,Kangel,110017,E-SAG-11-017,439,2052,939,1113
Eastern,Sagarmatha,11,Solukhumbu,Jubing,110014,E-SAG-11-014,769,3352,1642,1710
Eastern,Sagarmatha,11,Solukhumbu,Kureng,110019,E-SAG-11-019,873,3602,1600,2002
Eastern,Sagarmatha,11,Solukhumbu,Lokhim,110021,E-SAG-11-021,748,3552,1756,1796
Eastern,Sagarmatha,11,Solukhumbu,Takasindu,110032,E-SAG-11-032,510,2177,1065,1112
Eastern,Sagarmatha,11,Solukhumbu,Tapting,110033,E-SAG-11-033,480,2026,931,1095
Eastern,Sagarmatha,11,Solukhumbu,Tingla,110034,E-SAG-11-034,894,3924,1756,2168
Eastern,Sagarmatha,11,Solukhumbu,Chaulakharka,110006,E-SAG-11-006,430,2012,974,1038
Eastern,Sagarmatha,11,Solukhumbu,Baku,110001,E-SAG-11-001,963,4844,2380,2464
Western,Gandaki,38,Tanahu,Deurali,380016,W-GAN-38-016,521,2499,1090,1409
Western,Gandaki,38,Tanahu,Devghat,380017,W-GAN-38-017,1897,7679,3568,4111
Western,Gandaki,38,Tanahu,Dharampani,380018,W-GAN-38-018,724,3141,1358,1783
Western,Gandaki,38,Tanahu,Dhorfirdi,380019,W-GAN-38-019,3005,11994,5168,6826
Western,Gandaki,38,Tanahu,Ghasikuwa,380023,W-GAN-38-023,1942,7834,3484,4350
Western,Gandaki,38,Tanahu,Kanhushivapur,380025,W-GAN-38-025,1353,7098,3079,4019
Western,Gandaki,38,Tanahu,Keshavtar,380026,W-GAN-38-026,1171,4771,2102,2669
Western,Gandaki,38,Tanahu,Khairenitar,380027,W-GAN-38-027,2679,10619,4624,5995
Western,Gandaki,38,Tanahu,Kota,380029,W-GAN-38-029,659,3603,1673,1930
Western,Gandaki,38,Tanahu,Kotdarbar,380030,W-GAN-38-030,1099,5512,2288,3224
Western,Gandaki,38,Tanahu,Majhakot,380032,W-GAN-38-032,1522,6799,2867,3932
Western,Gandaki,38,Tanahu,Manpang,380033,W-GAN-38-033,1721,6698,2863,3835
Western,Gandaki,38,Tanahu,Firfire,380021,W-GAN-38-021,776,3235,1390,1845
Western,Gandaki,38,Tanahu,Ramjakot,380037,W-GAN-38-037,913,4613,2011,2602
Western,Gandaki,38,Tanahu,ShambuBhagawatipur,380042,W-GAN-38-042,1503,7302,3092,4210
Western,Gandaki,38,Tanahu,Tanahusur,380045,W-GAN-38-045,724,2845,1186,1659
Western,Gandaki,38,Tanahu,Thaprek,380046,W-GAN-38-046,763,2951,1298,1653
Western,Gandaki,38,Tanahu,Kinhu,380028,W-GAN-38-028,917,3827,1579,2248
Western,Gandaki,38,Tanahu,Virlung,380047,W-GAN-38-047,1423,5272,2241,3031
Western,Gandaki,38,Tanahu,PokhariBhanjyang,380034,W-GAN-38-034,979,3978,1815,2163
Western,Gandaki,38,Tanahu,Purkot,380035,W-GAN-38-035,1894,7188,3044,4144
Western,Gandaki,38,Tanahu,Raipur,380036,W-GAN-38-036,970,3963,1693,2270
Western,Gandaki,38,Tanahu,Risti,380039,W-GAN-38-039,507,1948,845,1103
Western,Gandaki,38,Tanahu,Satiswara,380041,W-GAN-38-041,1044,3945,1677,2268
Western,Gandaki,38,Tanahu,Shyamgha,380043,W-GAN-38-043,1263,4893,2096,2797
Western,Gandaki,38,Tanahu,Chhipchhipe,380014,W-GAN-38-014,396,2246,1025,1221
Western,Gandaki,38,Tanahu,Chok chisapani,380015,W-GAN-38-015,1028,3835,1678,2157
Western,Gandaki,38,Tanahu,Dulegauda,380020,W-GAN-38-020,3992,15694,7119,8575
Western,Gandaki,38,Tanahu,Gajarkot,380022,W-GAN-38-022,1299,5575,2402,3173
Western,Gandaki,38,Tanahu,JamuneBhanjyang,380024,W-GAN-38-024,2408,9838,4416,5422
Western,Gandaki,38,Tanahu,Aabukhaireni,380001,W-GAN-38-001,4034,16382,7573,8809
Western,Gandaki,38,Tanahu,Arunodaya,380002,W-GAN-38-002,1098,5008,2092,2916
Western,Gandaki,38,Tanahu,Baidi,380003,W-GAN-38-003,844,4551,2112,2439
Western,Gandaki,38,Tanahu,Bandipur,380004,W-GAN-38-004,3056,12450,5710,6740
Western,Gandaki,38,Tanahu,Bhanu,380007,W-GAN-38-007,3476,13175,5766,7409
Western,Gandaki,38,Tanahu,Basantapur,380006,W-GAN-38-006,868,3415,1448,1967
Western,Gandaki,38,Tanahu,Bhanumati,380008,W-GAN-38-008,1147,4642,1992,2650
Western,Gandaki,38,Tanahu,Bhimad,380009,W-GAN-38-009,2191,8414,3687,4727
Western,Gandaki,38,Tanahu,Chhimkeshwari,380013,W-GAN-38-013,356,1887,841,1046
Western,Gandaki,38,Tanahu,Rupakot,380040,W-GAN-38-040,1125,4264,1800,2464
Central,Bagmati,25,Lalitpur,Thecho,250040,C-BAG-25-040,2352,10086,4942,5144
Central,Bagmati,25,Lalitpur,Thuladurlung,250041,C-BAG-25-041,291,1479,718,761
Eastern,Sagarmatha,12,Okhaldhunga,Kuibhir,120025,E-SAG-12-025,409,1724,780,944
Eastern,Sagarmatha,13,Khotang,Magpa,130048,E-SAG-13-048,436,1895,877,1018
Eastern,Sagarmatha,13,Khotang,Bakachol,130006,E-SAG-13-006,623,2909,1372,1537
Eastern,Sagarmatha,13,Khotang,Damarkhushivalaya,130020,E-SAG-13-020,556,2734,1324,1410
Eastern,Sagarmatha,13,Khotang,DumreDharapani,130029,E-SAG-13-029,543,2662,1239,1423
Eastern,Sagarmatha,13,Khotang,Dubekoldada,130028,E-SAG-13-028,345,1669,773,896
Eastern,Sagarmatha,13,Khotang,Haunchur,130032,E-SAG-13-032,492,2233,962,1271
Eastern,Sagarmatha,13,Khotang,Ribdungjaleswor,130064,E-SAG-13-064,468,2136,977,1159
Eastern,Sagarmatha,13,Khotang,Jalapa,130034,E-SAG-13-034,573,2539,1161,1378
Central,Bagmati,28,Nuwakot,Chhap,280015,C-BAG-28-015,448,2085,1005,1080
Central,Bagmati,28,Nuwakot,Duipipal,280018,C-BAG-28-018,1569,7790,3701,4089
Central,Bagmati,28,Nuwakot,Betini,280005,C-BAG-28-005,873,4372,2178,2194
Central,Bagmati,26,Bhaktapur,Sirutar,260016,C-BAG-26-016,1033,4790,2307,2483
Eastern,Sagarmatha,13,Khotang,Mangaltar,130050,E-SAG-13-050,440,2278,1113,1165
Eastern,Sagarmatha,13,Khotang,Likuwapokhari,130047,E-SAG-13-047,461,2269,1047,1222
Central,Bagmati,26,Bhaktapur,Jhaukhel,260010,C-BAG-26-010,1631,7721,3908,3813
Eastern,Sagarmatha,13,Khotang,Kharmi,130038,E-SAG-13-038,751,3499,1582,1917
Eastern,Sagarmatha,13,Khotang,Kharpa,130039,E-SAG-13-039,430,2157,1049,1108
Eastern,Sagarmatha,13,Khotang,Khartanchha,130040,E-SAG-13-040,439,1841,894,947
Eastern,Sagarmatha,13,Khotang,Khidima,130041,E-SAG-13-041,411,2088,992,1096
Central,Narayani,35,Chitawan,Fulbari,350012,C-NAR-35-012,945,3862,1791,2071
Central,Narayani,35,Chitawan,Padampur,350028,C-NAR-35-028,3231,14924,7104,7820
Central,Narayani,35,Chitawan,Piple,350031,C-NAR-35-031,3265,15455,7412,8043
Central,Narayani,35,Chitawan,RatnanagarN.P.,350033,C-NAR-35-033,10851,46367,22173,24194
Central,Narayani,35,Chitawan,Shaktikhor,350035,C-NAR-35-035,1909,9418,4597,4821
Central,Narayani,35,Chitawan,Royal Chitawan Natio,350039,C-NAR-35-039,0,0,0,0
Central,Narayani,35,Chitawan,Chainpur,350007,C-NAR-35-007,3779,16786,7752,9034
Central,Narayani,35,Chitawan,Bagauda,350003,C-NAR-35-003,2532,10913,4856,6057
Central,Narayani,35,Chitawan,BharatpurN. P.,350005,C-NAR-35-005,36939,143836,71175,72661
Central,Narayani,35,Chitawan,ChandiBhanjyang,350008,C-NAR-35-008,847,4978,2460,2518
Central,Narayani,35,Chitawan,Dahakhani,350009,C-NAR-35-009,939,4803,2304,2499
Central,Narayani,35,Chitawan,Darechok,350010,C-NAR-35-010,2029,9607,4836,4771
Central,Narayani,35,Chitawan,Jutpani,350017,C-NAR-35-017,3325,14324,6626,7698
Central,Narayani,35,Chitawan,Kabilas,350018,C-NAR-35-018,1164,5815,2818,2997
Central,Bagmati,26,Bhaktapur,Nagarkot,260013,C-BAG-26-013,973,4571,2198,2373
Central,Bagmati,26,Bhaktapur,Balkot,260002,C-BAG-26-002,3999,15881,7977,7904
Central,Bagmati,26,Bhaktapur,BhaktapurN.P.,260003,C-BAG-26-003,17639,81748,41081,40667
Central,Bagmati,26,Bhaktapur,Changunarayan,260004,C-BAG-26-004,1374,6211,2985,3226
Central,Bagmati,26,Bhaktapur,Chhaling,260005,C-BAG-26-005,1817,8129,3851,4278
Central,Bagmati,26,Bhaktapur,Chitapol,260006,C-BAG-26-006,1274,5619,2758,2861
Central,Bagmati,26,Bhaktapur,Dadhikot,260007,C-BAG-26-007,2688,11629,5859,5770
Central,Bagmati,26,Bhaktapur,Duwakot,260008,C-BAG-26-008,2412,10461,5321,5140
Central,Bagmati,26,Bhaktapur,Gundu,260009,C-BAG-26-009,1257,5689,2735,2954
Central,Bagmati,26,Bhaktapur,Kautunje,260011,C-BAG-26-011,4692,19497,9698,9799
Central,Bagmati,26,Bhaktapur,MadhyapurThimiN.P.,260012,C-BAG-26-012,20302,83036,42723,40313
Central,Bagmati,26,Bhaktapur,Nankhel,260014,C-BAG-26-014,1225,5509,2703,2806
Central,Bagmati,26,Bhaktapur,Sipadol,260015,C-BAG-26-015,2278,9876,4862,5014
Central,Bagmati,26,Bhaktapur,Sudal,260017,C-BAG-26-017,1562,7254,3397,3857
Central,Bagmati,26,Bhaktapur,Tathali,260018,C-BAG-26-018,1264,5698,2723,2975
Central,Bagmati,26,Bhaktapur,Bageswari,260001,C-BAG-26-001,1137,5385,2609,2776
Eastern,Sagarmatha,13,Khotang,Kuvinde,130043,E-SAG-13-043,420,1931,906,1025
Central,Narayani,35,Chitawan,Korak,350022,C-NAR-35-022,1161,6550,3296,3254
Central,Narayani,35,Chitawan,Pithuwa,350032,C-NAR-35-032,2898,12579,5696,6883
Central,Narayani,35,Chitawan,Saradanagar,350034,C-NAR-35-034,2692,11508,5187,6321
Central,Narayani,35,Chitawan,Siddi,350037,C-NAR-35-037,651,3827,1891,1936
Central,Narayani,35,Chitawan,Sibanagar,350036,C-NAR-35-036,1868,7674,3421,4253
Central,Narayani,35,Chitawan,Khairahani,350021,C-NAR-35-021,4762,21530,10155,11375
Central,Narayani,35,Chitawan,Kumroj,350023,C-NAR-35-023,1750,8082,3758,4324
Central,Narayani,35,Chitawan,Parbatipur,350029,C-NAR-35-029,1614,6506,2937,3569
Central,Narayani,35,Chitawan,Lothar,350024,C-NAR-35-024,766,5047,2583,2464
Central,Narayani,35,Chitawan,Mangalpur,350026,C-NAR-35-026,4527,19066,8970,10096
Central,Narayani,35,Chitawan,Meghauli,350027,C-NAR-35-027,3086,14149,6341,7808
Central,Narayani,35,Chitawan,Patihani,350030,C-NAR-35-030,2845,11500,5282,6218
Central,Narayani,35,Chitawan,Shukranagar,350038,C-NAR-35-038,1863,8057,3693,4364
Central,Narayani,35,Chitawan,MadiKalyanpur,350025,C-NAR-35-025,1705,6836,3045,3791
Central,Narayani,35,Chitawan,Bachhyauli,350002,C-NAR-35-002,2321,10905,5387,5518
Central,Narayani,35,Chitawan,Bhandara,350004,C-NAR-35-004,3489,16121,7529,8592
Central,Narayani,35,Chitawan,Birendranagar,350006,C-NAR-35-006,3374,14934,6909,8025
Central,Narayani,35,Chitawan,Dibyanagar,350011,C-NAR-35-011,1936,8334,3787,4547
Central,Narayani,35,Chitawan,Gardi,350013,C-NAR-35-013,2168,9241,4061,5180
Central,Narayani,35,Chitawan,Gitanagar,350014,C-NAR-35-014,3375,13929,6553,7376
Central,Narayani,35,Chitawan,Gunjanagar,350015,C-NAR-35-015,3546,15071,6829,8242
Central,Narayani,35,Chitawan,Jagatpur,350016,C-NAR-35-016,2635,11195,5217,5978
Central,Narayani,35,Chitawan,Kathar,350019,C-NAR-35-019,2040,9696,4410,5286
Central,Narayani,35,Chitawan,Kaule,350020,C-NAR-35-020,963,5614,2860,2754
Central,Narayani,35,Chitawan,Ayodhyapuri,350001,C-NAR-35-001,2555,10693,4914,5779
Eastern,Sagarmatha,13,Khotang,Ainselukharka,130001,E-SAG-13-001,652,2995,1407,1588
Eastern,Sagarmatha,13,Khotang,RakhaDipsung,130062,E-SAG-13-062,179,833,418,415
Eastern,Sagarmatha,13,Khotang,R.Maheswori,130059,E-SAG-13-059,484,2330,1057,1273
Central,Bagmati,30,Dhading,Jogimara,300018,C-BAG-30-018,1442,7744,3842,3902
Central,Bagmati,30,Dhading,Darkha,300009,C-BAG-30-009,1121,5269,2431,2838
Central,Bagmati,30,Dhading,Dhola,300010,C-BAG-30-010,998,4033,1772,2261
Central,Bagmati,30,Dhading,Dhussa,300011,C-BAG-30-011,1361,7190,3548,3642
Central,Bagmati,30,Dhading,Dhuwakot,300012,C-BAG-30-012,1063,4762,2152,2610
Central,Bagmati,30,Dhading,Gajuri,300013,C-BAG-30-013,2223,10035,4968,5067
Central,Bagmati,30,Dhading,Gumdi,300015,C-BAG-30-015,1109,4833,2135,2698
Central,Bagmati,30,Dhading,Jyamrung,300019,C-BAG-30-019,1653,6998,3024,3974
Central,Bagmati,30,Dhading,Kalleri,300020,C-BAG-30-020,1921,8852,4059,4793
Central,Bagmati,30,Dhading,Katunje,300021,C-BAG-30-021,1425,5906,2559,3347
Central,Bagmati,30,Dhading,Kewalpur,300022,C-BAG-30-022,1104,5010,2412,2598
Central,Bagmati,30,Dhading,Khalte,300023,C-BAG-30-023,1566,7177,3223,3954
Central,Bagmati,30,Dhading,Khari,300024,C-BAG-30-024,1051,4381,1944,2437
Central,Bagmati,30,Dhading,Pida,300037,C-BAG-30-037,2214,11043,5415,5628
Central,Bagmati,30,Dhading,Mahadevsthan,300028,C-BAG-30-028,1243,6824,3416,3408
Central,Bagmati,30,Dhading,Maidi,300029,C-BAG-30-029,2167,9203,4110,5093
Central,Bagmati,30,Dhading,Marpak,300030,C-BAG-30-030,849,3658,1590,2068
Central,Bagmati,30,Dhading,Salang,300039,C-BAG-30-039,1140,5650,2655,2995
Central,Bagmati,30,Dhading,Salyankot,300040,C-BAG-30-040,1123,4920,2113,2807
Central,Bagmati,30,Dhading,Salyantar,300041,C-BAG-30-041,1791,7892,3539,4353
Central,Bagmati,30,Dhading,Tipling,300049,C-BAG-30-049,464,2072,1019,1053
Central,Bagmati,30,Dhading,Tripureswor,300050,C-BAG-30-050,819,3393,1512,1881
Central,Bagmati,30,Dhading,Mulpani,300031,C-BAG-30-031,749,3175,1347,1828
Central,Bagmati,30,Dhading,Sangkosh,300042,C-BAG-30-042,1244,5521,2496,3025
Central,Bagmati,30,Dhading,Nalang,300033,C-BAG-30-033,1876,8067,3674,4393
Central,Bagmati,30,Dhading,Naubise,300034,C-BAG-30-034,3184,14553,7203,7350
Central,Bagmati,30,Dhading,Nilkantha,300035,C-BAG-30-035,5255,20182,9406,10776
Central,Bagmati,30,Dhading,Satyadevi,300043,C-BAG-30-043,760,3322,1454,1868
Central,Bagmati,30,Dhading,Baseri,300003,C-BAG-30-003,859,3660,1609,2051
Central,Bagmati,30,Dhading,Semjong,300044,C-BAG-30-044,847,3306,1454,1852
Central,Bagmati,30,Dhading,Sertung,300045,C-BAG-30-045,817,3597,1625,1972
Central,Bagmati,30,Dhading,Bhumesthan,300005,C-BAG-30-005,2145,10786,5323,5463
Central,Bagmati,30,Dhading,ChhatreDyaurali,300008,C-BAG-30-008,1655,7687,3665,4022
Central,Bagmati,30,Dhading,Goganpani,300014,C-BAG-30-014,1133,5563,2696,2867
Central,Bagmati,30,Dhading,Kiranchok,300025,C-BAG-30-025,1163,6006,2928,3078
Central,Bagmati,30,Dhading,Sunaulabazar,300046,C-BAG-30-046,1530,6622,2932,3690
Central,Bagmati,30,Dhading,Tasarpu,300047,C-BAG-30-047,1098,5151,2494,2657
Central,Bagmati,30,Dhading,Thakre,300048,C-BAG-30-048,2141,9838,4781,5057
Central,Bagmati,30,Dhading,Kumpur,300026,C-BAG-30-026,2122,10012,4636,5376
Central,Bagmati,30,Dhading,Lapa,300027,C-BAG-30-027,853,3893,1818,2075
Central,Bagmati,30,Dhading,Phulkhark,300036,C-BAG-30-036,920,4125,1769,2356
Central,Bagmati,30,Dhading,ReeGaun,300038,C-BAG-30-038,1110,5434,2471,2963
Central,Bagmati,30,Dhading,Aginchok,300001,C-BAG-30-001,873,3580,1539,2041
Central,Bagmati,30,Dhading,Benighat,300004,C-BAG-30-004,2123,9717,4854,4863
Central,Bagmati,30,Dhading,Chainpur,300007,C-BAG-30-007,1514,6349,2747,3602
Central,Bagmati,30,Dhading,Jharlang,300017,C-BAG-30-017,770,4158,1962,2196
Central,Bagmati,30,Dhading,Jeewanpur,300016,C-BAG-30-016,1920,8789,4329,4460
Central,Bagmati,30,Dhading,Baireni,300002,C-BAG-30-002,2795,13369,6630,6739
Central,Bagmati,30,Dhading,Budhathum,300006,C-BAG-30-006,866,3732,1543,2189
Central,Bagmati,30,Dhading,Muralibhanjyang,300032,C-BAG-30-032,1673,7253,3277,3976
Central,Bagmati,27,Kathmandu,Jitpurphedi,270027,C-BAG-27-027,1103,5135,2499,2636
Central,Bagmati,27,Kathmandu,Daxinkali,270015,C-BAG-27-015,984,4755,2344,2411
Central,Bagmati,27,Kathmandu,Dhapasi,270016,C-BAG-27-016,8202,31406,16092,15314
Western,Gandaki,36,Gorkha,Ghyachok,360026,W-GAN-36-026,416,1997,910,1087
Eastern,Sagarmatha,13,Khotang,Nunthala,130055,E-SAG-13-055,380,1596,719,877
Western,Gandaki,36,Gorkha,AaruChanuate,360003,W-GAN-36-003,1069,4327,1979,2348
Western,Gandaki,36,Gorkha,Gumda,360028,W-GAN-36-028,535,2303,1061,1242
Western,Gandaki,36,Gorkha,Kerauja,360034,W-GAN-36-034,773,3248,1459,1789
Western,Gandaki,36,Gorkha,Laprak,360037,W-GAN-36-037,529,2161,972,1189
Western,Gandaki,36,Gorkha,Lho,360039,W-GAN-36-039,256,711,320,391
Western,Gandaki,36,Gorkha,AaruArbang,360002,W-GAN-36-002,998,4496,1963,2533
Western,Gandaki,36,Gorkha,Aanppipal,360001,W-GAN-36-001,1123,4029,1716,2313
Western,Gandaki,36,Gorkha,Panchkhuwadeurali,360048,W-GAN-36-048,530,2111,895,1216
Western,Gandaki,36,Gorkha,PrithbinarayanN.P.,360050,W-GAN-36-050,8793,32473,14713,17760
Western,Gandaki,36,Gorkha,Prok,360051,W-GAN-36-051,187,575,273,302
Western,Gandaki,36,Gorkha,Samagaun,360052,W-GAN-36-052,197,604,281,323
Western,Gandaki,36,Gorkha,Sirdibas,360056,W-GAN-36-056,572,2510,1171,1339
Western,Gandaki,36,Gorkha,Uhya,360066,W-GAN-36-066,427,1857,823,1034
Western,Gandaki,36,Gorkha,Darbhung,360017,W-GAN-36-017,763,3386,1530,1856
Western,Gandaki,36,Gorkha,Namjung,360045,W-GAN-36-045,809,3055,1339,1716
Western,Gandaki,36,Gorkha,Nareshwor,360046,W-GAN-36-046,1026,3692,1563,2129
Western,Gandaki,36,Gorkha,Dhawa,360019,W-GAN-36-019,881,3570,1501,2069
Western,Gandaki,36,Gorkha,Dhuwakot,360020,W-GAN-36-020,1110,4259,1850,2409
Western,Gandaki,36,Gorkha,Palumtar,360047,W-GAN-36-047,2108,8143,3460,4683
Western,Gandaki,36,Gorkha,Pandrung,360049,W-GAN-36-049,664,2524,1102,1422
Western,Gandaki,36,Gorkha,Finam,360021,W-GAN-36-021,766,3097,1309,1788
Western,Gandaki,36,Gorkha,Gaikhur,360023,W-GAN-36-023,1276,5003,2189,2814
Western,Gandaki,36,Gorkha,Gakhu,360024,W-GAN-36-024,694,2986,1348,1638
Western,Gandaki,36,Gorkha,Ghyalchok,360027,W-GAN-36-027,1298,5952,2759,3193
Western,Gandaki,36,Gorkha,Fujel,360022,W-GAN-36-022,1153,4694,1998,2696
Western,Gandaki,36,Gorkha,Saurpani,360053,W-GAN-36-053,1325,5958,2614,3344
Western,Gandaki,36,Gorkha,Hanspur,360029,W-GAN-36-029,924,3658,1640,2018
Western,Gandaki,36,Gorkha,Harmhi,360030,W-GAN-36-030,907,3450,1488,1962
Western,Gandaki,36,Gorkha,Shreenathkot,360054,W-GAN-36-054,771,3147,1396,1751
Western,Gandaki,36,Gorkha,Simjung,360055,W-GAN-36-055,841,3715,1737,1978
Central,Bagmati,23,Sindhupalchok,Fulpingkot,230020,C-BAG-23-020,904,3815,1771,2044
Western,Gandaki,36,Gorkha,Swara,360057,W-GAN-36-057,785,3713,1665,2048
Western,Gandaki,36,Gorkha,Jaubari,360031,W-GAN-36-031,740,2987,1338,1649
Western,Gandaki,36,Gorkha,Kashigaun,360032,W-GAN-36-032,414,1837,860,977
Western,Gandaki,36,Gorkha,Taklung,360058,W-GAN-36-058,1121,5028,2232,2796
Western,Gandaki,36,Gorkha,Takukot,360059,W-GAN-36-059,902,3869,1665,2204
Western,Gandaki,36,Gorkha,Kerabari,360033,W-GAN-36-033,572,2440,1103,1337
Western,Gandaki,36,Gorkha,Kharibot,360035,W-GAN-36-035,538,2453,1141,1312
Western,Gandaki,36,Gorkha,Asrang,360005,W-GAN-36-005,831,3406,1443,1963
Western,Gandaki,36,Gorkha,Bakrang,360007,W-GAN-36-007,793,3019,1303,1716
Western,Gandaki,36,Gorkha,Takumajhalakuribot,360060,W-GAN-36-060,554,2229,958,1271
Western,Gandaki,36,Gorkha,Tandrang,360061,W-GAN-36-061,1038,4221,1816,2405
Western,Gandaki,36,Gorkha,Khoplang,360036,W-GAN-36-036,1387,5193,2267,2926
Western,Gandaki,36,Gorkha,Borlang,360011,W-GAN-36-011,1179,5044,2281,2763
Western,Gandaki,36,Gorkha,Chhoprak,360014,W-GAN-36-014,1531,5893,2608,3285
Western,Gandaki,36,Gorkha,Tanglichok,360062,W-GAN-36-062,802,3369,1525,1844
Western,Gandaki,36,Gorkha,Taple,360063,W-GAN-36-063,1120,4496,1925,2571
Western,Gandaki,36,Gorkha,Chyngli,360016,W-GAN-36-016,1532,6286,2715,3571
Western,Gandaki,36,Gorkha,Lapu,360038,W-GAN-36-038,450,1823,802,1021
Western,Gandaki,36,Gorkha,Makaising,360040,W-GAN-36-040,552,2307,1094,1213
Central,Bagmati,23,Sindhupalchok,Piskar,230056,C-BAG-23-056,538,2286,1115,1171
Western,Gandaki,36,Gorkha,Thalajung,360064,W-GAN-36-064,681,2725,1240,1485
Western,Gandaki,36,Gorkha,Thumi,360065,W-GAN-36-065,1080,4481,2000,2481
Western,Gandaki,36,Gorkha,Manbu,360042,W-GAN-36-042,1388,6016,2692,3324
Western,Gandaki,36,Gorkha,Masel,360043,W-GAN-36-043,1015,3827,1593,2234
Western,Gandaki,36,Gorkha,Bhirkot,360008,W-GAN-36-008,1388,5261,2407,2854
Western,Gandaki,36,Gorkha,Muchhok,360044,W-GAN-36-044,899,3779,1737,2042
Western,Gandaki,36,Gorkha,Warpak,360067,W-GAN-36-067,1069,4985,2204,2781
Western,Gandaki,36,Gorkha,Bhumlichok,360009,W-GAN-36-009,685,3545,1653,1892
Western,Gandaki,36,Gorkha,Bihi,360010,W-GAN-36-010,208,612,288,324
Western,Gandaki,36,Gorkha,Bunkot,360012,W-GAN-36-012,1601,6260,2628,3632
Western,Gandaki,36,Gorkha,Chhaikampar,360013,W-GAN-36-013,263,983,491,492
Western,Gandaki,36,Gorkha,Chumchet,360015,W-GAN-36-015,266,928,434,494
Western,Gandaki,36,Gorkha,Deurali,360018,W-GAN-36-018,1422,5514,2449,3065
Western,Gandaki,36,Gorkha,Aarupokhari,360004,W-GAN-36-004,1079,4564,2005,2559
Western,Gandaki,36,Gorkha,Ghairung,360025,W-GAN-36-025,966,3990,1687,2303
Western,Gandaki,36,Gorkha,Baguwa,360006,W-GAN-36-006,494,1965,862,1103
Western,Gandaki,36,Gorkha,Manakamana,360041,W-GAN-36-041,1392,6203,2876,3327
Central,Bagmati,23,Sindhupalchok,Fulpingdandagau,230018,C-BAG-23-018,1054,4802,2305,2497
Central,Bagmati,23,Sindhupalchok,Sangachok,230058,C-BAG-23-058,2128,9577,4311,5266
Western,Gandaki,38,Tanahu,Kyamin,380031,W-GAN-38-031,1377,5213,2198,3015
Western,Gandaki,38,Tanahu,Bhirkot,380010,W-GAN-38-010,1146,5014,2163,2851
Western,Gandaki,38,Tanahu,Byas N. P.,380011,W-GAN-38-011,11321,42899,19376,23523
Western,Gandaki,38,Tanahu,Chhang,380012,W-GAN-38-012,1499,5966,2607,3359
Western,Gandaki,38,Tanahu,Sundhara (Ghiring),380044,W-GAN-38-044,1430,6881,2937,3944
Western,Gandaki,38,Tanahu,Barbhanjyang,380005,W-GAN-38-005,1365,5074,2145,2929
Western,Gandaki,38,Tanahu,Ranipokhari (Resing),380038,W-GAN-38-038,861,3917,1642,2275
Eastern,Sagarmatha,13,Khotang,Baksila,130007,E-SAG-13-007,737,3261,1569,1692
Central,Bagmati,27,Kathmandu,NaikapNayaBhanjyang,270042,C-BAG-27-042,1980,7944,4025,3919
Central,Bagmati,25,Lalitpur,Badikhel,250002,C-BAG-25-002,791,3576,1789,1787
Central,Bagmati,25,Lalitpur,Sidhdipur,250037,C-BAG-25-037,1484,6147,2888,3259
Eastern,Sagarmatha,12,Okhaldhunga,Bhadaure,120007,E-SAG-12-007,563,2999,1359,1640
Eastern,Sagarmatha,12,Okhaldhunga,Serna,120046,E-SAG-12-046,343,1444,664,780
Central,Bagmati,25,Lalitpur,Sunakothi,250038,C-BAG-25-038,2397,10092,4962,5130
Central,Bagmati,25,Lalitpur,Bhardev,250003,C-BAG-25-003,430,2210,1034,1176
Central,Bagmati,25,Lalitpur,Khokana,250026,C-BAG-25-026,1056,4927,2452,2475
Central,Bagmati,27,Kathmandu,Satungal,270049,C-BAG-27-049,2726,10452,5425,5027
Central,Bagmati,27,Kathmandu,Gonggabu,270022,C-BAG-27-022,14456,54410,28015,26395
Central,Bagmati,25,Lalitpur,Dukuchhap,250016,C-BAG-25-016,555,2669,1305,1364
Central,Bagmati,27,Kathmandu,Budanilkantha,270008,C-BAG-27-008,3725,15421,7604,7817
Central,Bagmati,27,Kathmandu,Dharmasthali,270017,C-BAG-27-017,1421,6530,3250,3280
Central,Bagmati,25,Lalitpur,Bisankhunarayan,250005,C-BAG-25-005,1047,4484,2117,2367
Central,Bagmati,27,Kathmandu,Tinthana,270057,C-BAG-27-057,2507,9726,4966,4760
Central,Bagmati,27,Kathmandu,TokhaSarswoti,270059,C-BAG-27-059,1189,5152,2664,2488
Central,Bagmati,27,Kathmandu,KirtipurN.P.,270033,C-BAG-27-033,19441,65602,36476,29126
Central,Bagmati,27,Kathmandu,Gokarneswor,270020,C-BAG-27-020,1768,7508,3777,3731
Central,Bagmati,27,Kathmandu,Lapsephedi,270034,C-BAG-27-034,1209,5629,2751,2878
Central,Bagmati,27,Kathmandu,Suntol,270054,C-BAG-27-054,1021,4819,2351,2468
Central,Bagmati,27,Kathmandu,Bajrayogini,270003,C-BAG-27-003,928,4333,2086,2247
Central,Bagmati,25,Lalitpur,Harisiddhi,250021,C-BAG-25-021,2737,10736,5378,5358
Central,Bagmati,27,Kathmandu,Gothatar,270023,C-BAG-27-023,6749,26169,13184,12985
Central,Bagmati,27,Kathmandu,Machhegaun,270035,C-BAG-27-035,872,3849,1884,1965
Central,Bagmati,27,Kathmandu,Mahadevathan,270036,C-BAG-27-036,3731,15514,7731,7783
Central,Bagmati,27,Kathmandu,Mahankal,270037,C-BAG-27-037,4421,17997,9029,8968
Central,Bagmati,27,Kathmandu,Manmaiju,270038,C-BAG-27-038,10949,40416,20761,19655
Central,Bagmati,27,Kathmandu,Satikhel,270048,C-BAG-27-048,1039,4248,2117,2131
Western,Gandaki,37,Lamjung,Archalbot,370001,W-GAN-37-001,424,1605,703,902
Central,Bagmati,27,Kathmandu,Sheshnarayan,270051,C-BAG-27-051,844,3855,1953,1902
Central,Bagmati,27,Kathmandu,Sitapaila,270052,C-BAG-27-052,4524,17909,9174,8735
Central,Bagmati,27,Kathmandu,Sundarijal,270053,C-BAG-27-053,547,2552,1252,1300
Central,Bagmati,27,Kathmandu,Aalapot,270001,C-BAG-27-001,671,3159,1561,1598
Central,Bagmati,27,Kathmandu,Baad Bhanjyang,270002,C-BAG-27-002,817,3779,1873,1906
Western,Gandaki,37,Lamjung,Bahundanda,370002,W-GAN-37-002,480,2095,1010,1085
Western,Gandaki,37,Lamjung,Bhoteoodar,370012,W-GAN-37-012,2074,7560,3392,4168
Central,Bagmati,27,Kathmandu,Balambu,270004,C-BAG-27-004,1734,7323,3625,3698
Central,Bagmati,27,Kathmandu,Baluwa,270005,C-BAG-27-005,1204,5467,2702,2765
Western,Gandaki,37,Lamjung,Bhulbhule,370014,W-GAN-37-014,712,2987,1357,1630
Western,Gandaki,37,Lamjung,Dhodeni,370021,W-GAN-37-021,553,2625,1255,1370
Central,Bagmati,27,Kathmandu,IchangNarayan,270024,C-BAG-27-024,6288,24425,12152,12273
Central,Bagmati,27,Kathmandu,Indrayani,270025,C-BAG-27-025,717,3361,1658,1703
Central,Bagmati,27,Kathmandu,JhorMahankal,270026,C-BAG-27-026,873,4103,2010,2093
Central,Bagmati,27,Kathmandu,Matatirtha,270039,C-BAG-27-039,1413,5982,3004,2978
Central,Bagmati,27,Kathmandu,Bhadrabas,270006,C-BAG-27-006,503,2388,1195,1193
Central,Bagmati,27,Kathmandu,Mulpani,270040,C-BAG-27-040,2647,11742,5889,5853
Central,Bagmati,27,Kathmandu,NaikapPuranoBhanjya,270043,C-BAG-27-043,1054,4546,2251,2295
Central,Bagmati,27,Kathmandu,Naglebhare,270041,C-BAG-27-041,935,4520,2202,2318
Central,Bagmati,27,Kathmandu,Talkududechour,270055,C-BAG-27-055,648,2858,1389,1469
Central,Bagmati,27,Kathmandu,Pukhulachhi,270045,C-BAG-27-045,596,2676,1298,1378
Central,Bagmati,27,Kathmandu,Daanchhi,270014,C-BAG-27-014,2593,11246,5697,5549
Central,Bagmati,27,Kathmandu,Thankot,270056,C-BAG-27-056,2820,12047,6106,5941
Central,Bagmati,27,Kathmandu,TokhaChandeswori,270058,C-BAG-27-058,841,3961,1928,2033
Central,Bagmati,27,Kathmandu,Bhimdhunga,270007,C-BAG-27-007,619,2915,1484,1431
Central,Bagmati,27,Kathmandu,ChapaliBhadrakali,270010,C-BAG-27-010,2574,10827,5337,5490
Central,Bagmati,27,Kathmandu,Chhaimale,270011,C-BAG-27-011,968,4216,1977,2239
Central,Bagmati,27,Kathmandu,Chunikhel,270013,C-BAG-27-013,859,4449,2208,2241
Central,Bagmati,27,Kathmandu,Jorpati,270028,C-BAG-27-028,21862,84567,42445,42122
Central,Bagmati,27,Kathmandu,Kabhresthali,270029,C-BAG-27-029,1007,4774,2364,2410
Central,Bagmati,27,Kathmandu,Kapan,270030,C-BAG-27-030,12324,48463,24671,23792
Central,Bagmati,27,Kathmandu,Sangla,270047,C-BAG-27-047,808,3622,1812,1810
Central,Bagmati,27,Kathmandu,Nayapati,270044,C-BAG-27-044,1725,7257,3549,3708
Central,Bagmati,27,Kathmandu,Futung,270018,C-BAG-27-018,1064,4792,2365,2427
Central,Bagmati,27,Kathmandu,Ramkot,270046,C-BAG-27-046,1937,8759,4399,4360
Central,Bagmati,27,Kathmandu,ChouketarDahachok,270012,C-BAG-27-012,878,4036,1991,2045
Central,Bagmati,27,Kathmandu,Gagalphedi,270019,C-BAG-27-019,1166,5533,2707,2826
Central,Bagmati,27,Kathmandu,KathmanduN.P.,270031,C-BAG-27-031,254292,975453,511841,463612
Central,Bagmati,27,Kathmandu,KhadkaBhadrakali,270032,C-BAG-27-032,2582,10761,5336,5425
Central,Bagmati,27,Kathmandu,Chalnakhel,270009,C-BAG-27-009,1005,4365,2093,2272
Central,Bagmati,27,Kathmandu,Goldhunga,270021,C-BAG-27-021,3806,16174,8325,7849
Central,Bagmati,27,Kathmandu,Seuchatar,270050,C-BAG-27-050,3378,13412,6855,6557
Western,Gandaki,37,Lamjung,Dhuseni,370022,W-GAN-37-022,311,1254,528,726
Western,Gandaki,37,Lamjung,Neta,370043,W-GAN-37-043,416,1697,726,971
Western,Gandaki,37,Lamjung,Chandreshwor,370018,W-GAN-37-018,546,1958,844,1114
Western,Gandaki,37,Lamjung,Bhujung,370013,W-GAN-37-013,353,1506,660,846
Western,Gandaki,37,Lamjung,Kunchha,370038,W-GAN-37-038,514,1855,807,1048
Eastern,Sagarmatha,13,Khotang,Buipa,130013,E-SAG-13-013,984,4538,2120,2418
Eastern,Sagarmatha,13,Khotang,Chhitapokhari,130014,E-SAG-13-014,381,1965,918,1047
Eastern,Sagarmatha,13,Khotang,Chhorambu,130015,E-SAG-13-015,479,2353,1137,1216
Eastern,Sagarmatha,13,Khotang,Chipring,130016,E-SAG-13-016,239,1103,520,583
Eastern,Sagarmatha,13,Khotang,Chisapani,130017,E-SAG-13-017,911,4422,2144,2278
Eastern,Sagarmatha,13,Khotang,Mauwabote,130052,E-SAG-13-052,276,1410,631,779
Eastern,Sagarmatha,13,Khotang,Nirmalidada,130054,E-SAG-13-054,393,1967,863,1104
Eastern,Sagarmatha,13,Khotang,Dorpachiuridada,130027,E-SAG-13-027,1149,5548,2513,3035
Eastern,Sagarmatha,13,Khotang,Dandagoun,130021,E-SAG-13-021,537,2562,1190,1372
Eastern,Sagarmatha,13,Khotang,Devisthan,130022,E-SAG-13-022,416,2161,1034,1127
Eastern,Sagarmatha,13,Khotang,Dikuwa,130025,E-SAG-13-025,448,2465,1193,1272
Eastern,Sagarmatha,13,Khotang,Diplung,130026,E-SAG-13-026,424,1878,887,991
Eastern,Sagarmatha,13,Khotang,Chyandada,130018,E-SAG-13-018,589,2906,1341,1565
Eastern,Sagarmatha,13,Khotang,Bamrang,130008,E-SAG-13-008,648,2876,1290,1586
Eastern,Sagarmatha,13,Khotang,Baspani,130010,E-SAG-13-010,355,1569,746,823
Eastern,Sagarmatha,13,Khotang,Chyasmitar,130019,E-SAG-13-019,548,2786,1294,1492
Eastern,Sagarmatha,13,Khotang,Barahapokhari,130009,E-SAG-13-009,716,3830,1879,1951
Eastern,Sagarmatha,13,Khotang,Batase,130011,E-SAG-13-011,797,3977,1844,2133
Eastern,Sagarmatha,13,Khotang,Bijayakharka,130012,E-SAG-13-012,520,2542,1123,1419
Eastern,Sagarmatha,13,Khotang,Wopung,130075,E-SAG-13-075,506,2555,1254,1301
Eastern,Sagarmatha,13,Khotang,Durchhim,130030,E-SAG-13-030,714,3597,1650,1947
Eastern,Sagarmatha,13,Khotang,Dhitung,130023,E-SAG-13-023,535,2726,1278,1448
Eastern,Sagarmatha,13,Khotang,Indranipokhari,130033,E-SAG-13-033,603,2886,1346,1540
Eastern,Sagarmatha,13,Khotang,Mahadevsthan,130049,E-SAG-13-049,583,2767,1299,1468
Eastern,Sagarmatha,13,Khotang,Lamidada,130045,E-SAG-13-045,563,2717,1249,1468
Eastern,Sagarmatha,13,Khotang,Lafyang,130044,E-SAG-13-044,595,2858,1315,1543
Eastern,Sagarmatha,13,Khotang,Lichkiramche,130046,E-SAG-13-046,703,3590,1701,1889
Eastern,Sagarmatha,13,Khotang,MattimBirta,130051,E-SAG-13-051,857,4090,1944,2146
Eastern,Sagarmatha,13,Khotang,Jyamire,130035,E-SAG-13-035,280,1307,636,671
Eastern,Sagarmatha,13,Khotang,Kahule,130036,E-SAG-13-036,362,1694,777,917
Eastern,Sagarmatha,13,Khotang,Khalle,130037,E-SAG-13-037,648,3192,1511,1681
Eastern,Sagarmatha,13,Khotang,Salle,130066,E-SAG-13-066,359,1507,697,810
Eastern,Sagarmatha,13,Khotang,Sapteswor,130067,E-SAG-13-067,447,2076,957,1119
Eastern,Sagarmatha,13,Khotang,Sa.Chhitapokhari,130065,E-SAG-13-065,564,2859,1376,1483
Eastern,Sagarmatha,13,Khotang,Nerpa,130053,E-SAG-13-053,646,3009,1364,1645
Central,Bagmati,28,Nuwakot,Barsunchet,280003,C-BAG-28-003,118,426,181,245
Eastern,Sagarmatha,13,Khotang,Sawakatahare,130069,E-SAG-13-069,580,2726,1295,1431
Eastern,Sagarmatha,13,Khotang,Simpani,130070,E-SAG-13-070,666,3169,1465,1704
Eastern,Sagarmatha,13,Khotang,Sungdel,130071,E-SAG-13-071,510,2444,1221,1223
Eastern,Sagarmatha,12,Okhaldhunga,Raniban,120041,E-SAG-12-041,404,1854,824,1030
Eastern,Sagarmatha,13,Khotang,Suntale,130072,E-SAG-13-072,426,2195,1010,1185
Eastern,Sagarmatha,13,Khotang,Temma,130073,E-SAG-13-073,777,3521,1599,1922
Eastern,Sagarmatha,13,Khotang,Woplukha,130074,E-SAG-13-074,491,2271,1015,1256
Eastern,Sagarmatha,13,Khotang,Yamkha,130076,E-SAG-13-076,605,2938,1293,1645
Eastern,Sagarmatha,13,Khotang,Patheka,130056,E-SAG-13-056,796,3872,1740,2132
Eastern,Sagarmatha,13,Khotang,Pauwasera,130057,E-SAG-13-057,398,2355,1144,1211
Central,Bagmati,25,Lalitpur,Chhampi,250010,C-BAG-25-010,1071,4753,2328,2425
Eastern,Sagarmatha,13,Khotang,Arkhaule,130002,E-SAG-13-002,662,3344,1572,1772
Eastern,Sagarmatha,13,Khotang,Badahare,130003,E-SAG-13-003,318,1477,674,803
Eastern,Sagarmatha,13,Khotang,Faktang,130031,E-SAG-13-031,428,2176,1025,1151
Central,Bagmati,25,Lalitpur,Jharuwarasi,250024,C-BAG-25-024,936,4286,2089,2197
Eastern,Sagarmatha,13,Khotang,Phedi,130058,E-SAG-13-058,680,3264,1518,1746
Eastern,Sagarmatha,13,Khotang,Badaka Diyale,130004,E-SAG-13-004,508,2464,1151,1313
Eastern,Sagarmatha,13,Khotang,Bahunidanda,130005,E-SAG-13-005,524,2838,1432,1406
Eastern,Sagarmatha,13,Khotang,Rajapani,130060,E-SAG-13-060,707,3747,1791,1956
Eastern,Sagarmatha,13,Khotang,RakhaBangdel,130061,E-SAG-13-061,548,2525,1130,1395
Central,Bagmati,25,Lalitpur,Thaiba,250039,C-BAG-25-039,1982,8261,4180,4081
Eastern,Sagarmatha,13,Khotang,RatanchaMajhagau,130063,E-SAG-13-063,551,2510,1186,1324
Eastern,Sagarmatha,13,Khotang,Diktel,130024,E-SAG-13-024,1967,8867,4298,4569
Eastern,Sagarmatha,13,Khotang,Khotangbazar,130042,E-SAG-13-042,452,1996,909,1087
Eastern,Sagarmatha,13,Khotang,Saunechaur,130068,E-SAG-13-068,458,2383,1142,1241
Central,Bagmati,25,Lalitpur,Tikathali,250042,C-BAG-25-042,2424,10136,5072,5064
Central,Bagmati,25,Lalitpur,Nallu,250033,C-BAG-25-033,460,2171,1021,1150
Central,Bagmati,25,Lalitpur,Pyutar,250034,C-BAG-25-034,382,2056,992,1064
Central,Bagmati,25,Lalitpur,Sainbu,250035,C-BAG-25-035,5003,19721,9935,9786
Central,Bagmati,25,Lalitpur,Sankhu,250036,C-BAG-25-036,462,2277,1109,1168
Central,Bagmati,25,Lalitpur,Lubhu,250030,C-BAG-25-030,2365,10374,5126,5248
Central,Bagmati,25,Lalitpur,Malta,250031,C-BAG-25-031,370,1838,919,919
Central,Bagmati,25,Lalitpur,Manikhel,250032,C-BAG-25-032,396,1947,942,1005
Central,Bagmati,25,Lalitpur,Asrang,250001,C-BAG-25-001,277,1411,689,722
Central,Bagmati,25,Lalitpur,Imadol,250023,C-BAG-25-023,6898,27327,13913,13414
Central,Bagmati,25,Lalitpur,Kaleswor,250025,C-BAG-25-025,296,1404,692,712
Central,Bagmati,25,Lalitpur,Dhusel,250015,C-BAG-25-015,308,1510,743,767
Central,Bagmati,25,Lalitpur,Gimdi,250017,C-BAG-25-017,461,2299,1156,1143
Central,Bagmati,25,Lalitpur,Bungamati,250007,C-BAG-25-007,1304,5966,2981,2985
Central,Bagmati,25,Lalitpur,Godamchaur,250018,C-BAG-25-018,1094,4914,2367,2547
Central,Bagmati,25,Lalitpur,LalitpurN.P.,250027,C-BAG-25-027,54581,220802,113781,107021
Central,Bagmati,25,Lalitpur,Chapagaun,250009,C-BAG-25-009,3710,16420,8010,8410
Central,Bagmati,25,Lalitpur,Bhattedanda,250004,C-BAG-25-004,429,2057,1020,1037
Central,Bagmati,25,Lalitpur,Bukhel,250006,C-BAG-25-006,334,1697,813,884
Central,Bagmati,25,Lalitpur,Lamatar,250028,C-BAG-25-028,1759,8188,4072,4116
Central,Bagmati,25,Lalitpur,Lele,250029,C-BAG-25-029,1822,8411,4032,4379
Central,Bagmati,25,Lalitpur,Godawari,250019,C-BAG-25-019,1825,7558,3715,3843
Central,Bagmati,25,Lalitpur,Gotikhel,250020,C-BAG-25-020,403,1855,887,968
Central,Bagmati,25,Lalitpur,Ikudol,250022,C-BAG-25-022,387,1878,935,943
Central,Bagmati,25,Lalitpur,Choughare,250011,C-BAG-25-011,380,1884,895,989
Central,Bagmati,25,Lalitpur,Dalchoki,250012,C-BAG-25-012,269,1167,537,630
Central,Bagmati,25,Lalitpur,Devichour,250013,C-BAG-25-013,577,2883,1408,1475
Western,Gandaki,37,Lamjung,Puranokot,370047,W-GAN-37-047,301,1185,526,659
Central,Bagmati,25,Lalitpur,Dhapakhel,250014,C-BAG-25-014,3178,12678,6435,6243
Central,Bagmati,25,Lalitpur,Chandanpur,250008,C-BAG-25-008,222,1071,531,540
Western,Gandaki,37,Lamjung,Faleni,370025,W-GAN-37-025,284,1405,676,729
Western,Gandaki,37,Lamjung,Taghring,370056,W-GAN-37-056,521,2318,1113,1205
Western,Gandaki,37,Lamjung,Pyarjung,370048,W-GAN-37-048,452,1739,809,930
Western,Gandaki,37,Lamjung,Ramgha,370049,W-GAN-37-049,795,3158,1426,1732
Western,Gandaki,37,Lamjung,Samibhanjyang,370050,W-GAN-37-050,309,1517,750,767
Western,Gandaki,37,Lamjung,ShreeBhanjyang,370051,W-GAN-37-051,473,1779,808,971
Western,Gandaki,37,Lamjung,Simpani,370052,W-GAN-37-052,820,3289,1447,1842
Western,Gandaki,37,Lamjung,Bangre,370005,W-GAN-37-005,408,1659,732,927
Western,Gandaki,37,Lamjung,Sindure,370053,W-GAN-37-053,311,1391,569,822
Western,Gandaki,37,Lamjung,Sundarbazar,370054,W-GAN-37-054,1795,6715,2940,3775
Western,Gandaki,37,Lamjung,Pasagaun,370046,W-GAN-37-046,382,1694,761,933
Western,Gandaki,37,Lamjung,Suryapal,370055,W-GAN-37-055,449,1562,662,900
Western,Gandaki,37,Lamjung,Udipur,370060,W-GAN-37-060,698,2692,1210,1482
Western,Gandaki,37,Lamjung,Tandrang(Taksar),370057,W-GAN-37-057,619,2424,1078,1346
Western,Gandaki,37,Lamjung,Tarku,370058,W-GAN-37-058,423,1699,764,935
Western,Gandaki,37,Lamjung,Tarkughat,370059,W-GAN-37-059,772,2893,1266,1627
Western,Gandaki,37,Lamjung,Duradanda,370024,W-GAN-37-024,519,1786,798,988
Western,Gandaki,37,Lamjung,Gaunshahar,370027,W-GAN-37-027,1757,6611,2859,3752
Western,Gandaki,37,Lamjung,Ghanpokhara,370028,W-GAN-37-028,648,2893,1360,1533
Western,Gandaki,37,Lamjung,Ghermu,370029,W-GAN-37-029,402,1776,822,954
Western,Gandaki,37,Lamjung,Khudi,370036,W-GAN-37-036,826,3401,1510,1891
Western,Gandaki,37,Lamjung,Hiletaksar,370031,W-GAN-37-031,413,1679,725,954
Western,Gandaki,37,Lamjung,Ilampokhari,370032,W-GAN-37-032,608,2650,1204,1446
Western,Gandaki,37,Lamjung,Isaneshwar,370033,W-GAN-37-033,764,2991,1330,1661
Western,Gandaki,37,Lamjung,Chandisthan,370017,W-GAN-37-017,492,1895,864,1031
Western,Gandaki,37,Lamjung,Jita,370034,W-GAN-37-034,578,2191,966,1225
Western,Gandaki,37,Lamjung,Karapu,370035,W-GAN-37-035,517,2127,967,1160
Western,Gandaki,37,Lamjung,Kolki,370037,W-GAN-37-037,385,1612,728,884
Western,Gandaki,37,Lamjung,Maling,370039,W-GAN-37-039,308,1224,554,670
Western,Gandaki,37,Lamjung,Besishahar,370007,W-GAN-37-007,4291,15442,6988,8454
Western,Gandaki,37,Lamjung,Mohoriyakot,370040,W-GAN-37-040,571,2269,976,1293
Western,Gandaki,37,Lamjung,Gauda,370026,W-GAN-37-026,616,2657,1219,1438
Western,Gandaki,37,Lamjung,Nalma,370041,W-GAN-37-041,438,1779,827,952
Western,Gandaki,37,Lamjung,Chakratirtha,370016,W-GAN-37-016,1253,5011,2168,2843
Western,Gandaki,37,Lamjung,Chiti,370019,W-GAN-37-019,1299,5166,2348,2818
Western,Gandaki,37,Lamjung,Dhamilikuwa,370020,W-GAN-37-020,1154,4425,1909,2516
Western,Gandaki,37,Lamjung,Balungpani,370004,W-GAN-37-004,609,2458,1058,1400
Western,Gandaki,37,Lamjung,Dudhpokhari,370023,W-GAN-37-023,470,1969,901,1068
Western,Gandaki,37,Lamjung,Bajhakhet,370003,W-GAN-37-003,718,2844,1309,1535
Western,Gandaki,37,Lamjung,Bansar,370006,W-GAN-37-006,572,2477,1183,1294
Western,Gandaki,37,Lamjung,Uttarkanya,370061,W-GAN-37-061,281,1092,492,600
Western,Gandaki,37,Lamjung,Gilunng,370030,W-GAN-37-030,414,1559,688,871
Western,Gandaki,37,Lamjung,Nauthar,370042,W-GAN-37-042,530,2223,990,1233
Western,Gandaki,37,Lamjung,Parewadada,370045,W-GAN-37-045,706,2646,1127,1519
Western,Gandaki,37,Lamjung,Pachok,370044,W-GAN-37-044,561,2469,1149,1320
Western,Gandaki,37,Lamjung,Bhalayakharka,370008,W-GAN-37-008,549,2190,971,1219
Western,Gandaki,37,Lamjung,Bharte,370009,W-GAN-37-009,584,2239,963,1276
Western,Gandaki,37,Lamjung,Bhoje,370010,W-GAN-37-010,476,1992,923,1069
Western,Gandaki,37,Lamjung,Bhorletar,370011,W-GAN-37-011,1033,4059,1832,2227
Western,Gandaki,37,Lamjung,Bichaur,370015,W-GAN-37-015,511,2087,968,1119
Central,Janakpur,21,Ramechhap,Pinkhuri,210041,C-JAN-21-041,428,2078,903,1175
Central,Bagmati,29,Rasuwa,Goljung,290007,C-BAG-29-007,269,972,471,501
Central,Bagmati,29,Rasuwa,Gatlang,290006,C-BAG-29-006,400,1805,888,917
Central,Narayani,31,Makwanpur,Dhimal,310014,C-NAR-31-014,1090,5945,2937,3008
Central,Narayani,31,Makwanpur,Kankada,310024,C-NAR-31-024,1304,7840,3959,3881
Central,Narayani,31,Makwanpur,Makwanpurgadhi,310028,C-NAR-31-028,2576,12806,6187,6619
Central,Narayani,31,Makwanpur,Manahari,310029,C-NAR-31-029,4215,19984,9630,10354
Central,Narayani,31,Makwanpur,Namtar,310032,C-NAR-31-032,1709,8816,4395,4421
Central,Narayani,31,Makwanpur,HetaudaN.P.,310020,C-NAR-31-020,19851,84671,42194,42477
Central,Narayani,31,Makwanpur,IpaPanchakanya,310022,C-NAR-31-022,459,2497,1256,1241
Central,Narayani,31,Makwanpur,PadamPokhari,310034,C-NAR-31-034,3607,17086,7983,9103
Central,Narayani,31,Makwanpur,Shikharpur,310039,C-NAR-31-039,1054,5896,2851,3045
Central,Narayani,31,Makwanpur,SisneriMahadevsthan,310041,C-NAR-31-041,739,3245,1554,1691
Central,Narayani,31,Makwanpur,Palung,310035,C-NAR-31-035,1236,5603,2619,2984
Central,Narayani,31,Makwanpur,Fakhel,310015,C-NAR-31-015,1011,4524,2102,2422
Central,Narayani,31,Makwanpur,Raksirang,310037,C-NAR-31-037,1152,6572,3247,3325
Central,Narayani,31,Makwanpur,SarikhetPalase,310038,C-NAR-31-038,1518,8391,4160,4231
Central,Narayani,31,Makwanpur,Budhichaur,310009,C-NAR-31-009,370,2085,1041,1044
Central,Narayani,31,Makwanpur,Kogate,310026,C-NAR-31-026,280,1279,593,686
Central,Narayani,31,Makwanpur,Khairang,310025,C-NAR-31-025,583,3389,1744,1645
Central,Narayani,31,Makwanpur,Kulekhani,310027,C-NAR-31-027,670,2969,1401,1568
Central,Narayani,31,Makwanpur,Manthali,310030,C-NAR-31-030,509,2762,1352,1410
Central,Narayani,31,Makwanpur,Markhu,310031,C-NAR-31-031,634,3071,1452,1619
Central,Narayani,31,Makwanpur,Chitlang,310010,C-NAR-31-010,1172,5029,2237,2792
Central,Narayani,31,Makwanpur,Churiyamai,310011,C-NAR-31-011,2980,14274,6846,7428
Central,Narayani,31,Makwanpur,Dandakharka,310013,C-NAR-31-013,720,4021,2020,2001
Central,Narayani,31,Makwanpur,Gogane,310017,C-NAR-31-017,983,5345,2598,2747
Central,Narayani,31,Makwanpur,Nibuwatar,310033,C-NAR-31-033,884,4259,2006,2253
Central,Narayani,31,Makwanpur,Daman,310012,C-NAR-31-012,1913,8439,4074,4365
Central,Narayani,31,Makwanpur,Hurnamadi,310021,C-NAR-31-021,1524,6615,3204,3411
Central,Narayani,31,Makwanpur,Hatiya,310019,C-NAR-31-019,2751,13099,6379,6720
Central,Narayani,31,Makwanpur,Handikhola,310018,C-NAR-31-018,3676,18415,8890,9525
